Open Time,Open,High,Low,Close,Volume,Close Time,Quote Asset Volume,Number of Trades,Taker Buy Base Volume,Taker Buy Quote Volume
2025-02-04 14:00:00,99007.22000000,100415.00000000,98561.48000000,99984.72000000,3030.76129000,2025-02-04 14:59:59.999,301922615.07445260,445974,1423.43290000,141873378.56465380
2025-02-04 15:00:00,99984.72000000,100223.38000000,98275.98000000,99347.19000000,3087.63726000,2025-02-04 15:59:59.999,306311422.17489800,600891,1380.92732000,136986487.48159430
2025-02-04 16:00:00,99347.18000000,99949.50000000,99028.46000000,99043.48000000,1429.42951000,2025-02-04 16:59:59.999,142157198.32191240,339291,755.27251000,75113005.98970680
2025-02-04 17:00:00,99043.48000000,99613.25000000,98829.64000000,99168.35000000,1585.36646000,2025-02-04 17:59:59.999,157158497.97282630,266689,735.30700000,72899644.92834000
2025-02-04 18:00:00,99168.35000000,99566.66000000,98778.58000000,99415.20000000,900.05624000,2025-02-04 18:59:59.999,89308285.66227760,188803,515.40391000,51148393.08812440
2025-02-04 19:00:00,99415.20000000,100777.93000000,98782.60000000,98859.77000000,2703.09828000,2025-02-04 19:59:59.999,269972641.76766870,477520,1341.61916000,134029982.28770130
2025-02-04 20:00:00,98859.78000000,99444.02000000,97965.63000000,98652.18000000,3369.18259000,2025-02-04 20:59:59.999,332402461.24583000,584647,1535.50511000,151477978.39831420
2025-02-04 21:00:00,98652.18000000,98673.86000000,96422.00000000,96514.47000000,2950.33720000,2025-02-04 21:59:59.999,287215951.42317640,546838,1228.17040000,119565962.87730390
2025-02-04 22:00:00,96514.47000000,97967.40000000,96150.00000000,97691.20000000,2046.93005000,2025-02-04 22:59:59.999,198238833.93729770,339723,987.10926000,95595276.41635220
2025-02-04 23:00:00,97691.20000000,98224.97000000,97473.32000000,97763.13000000,998.97740000,2025-02-04 23:59:59.999,97688634.51915750,196399,461.37432000,45122988.41824090
2025-02-05 00:00:00,97763.14000000,98390.70000000,97711.70000000,98274.01000000,760.72898000,2025-02-05 00:59:59.999,74603921.83433130,220154,364.45017000,35743060.91728880
2025-02-05 01:00:00,98274.01000000,98930.44000000,97662.18000000,97849.82000000,1269.69391000,2025-02-05 01:59:59.999,124834562.48678400,204495,512.10049000,50367820.14415880
2025-02-05 02:00:00,97849.81000000,98192.00000000,97131.43000000,97993.99000000,1357.78340000,2025-02-05 02:59:59.999,132569038.14343000,246879,622.54222000,60783772.10092570
2025-02-05 03:00:00,97994.00000000,98324.16000000,97771.82000000,98040.00000000,651.17813000,2025-02-05 03:59:59.999,63832529.70788760,160391,327.52011000,32108600.55519870
2025-02-05 04:00:00,98040.01000000,98332.41000000,97916.02000000,98046.00000000,624.88451000,2025-02-05 04:59:59.999,61304068.15535930,114256,264.50633000,25961583.34912560
2025-02-05 05:00:00,98045.99000000,98300.00000000,97681.53000000,98138.40000000,775.46553000,2025-02-05 05:59:59.999,76000011.58022510,128527,340.06343000,33331735.95880040
2025-02-05 06:00:00,98138.40000000,98222.00000000,97559.12000000,97652.00000000,913.99827000,2025-02-05 06:59:59.999,89402595.63107080,161734,319.66195000,31270622.77230680
2025-02-05 07:00:00,97652.00000000,97984.53000000,97352.77000000,97864.43000000,919.15325000,2025-02-05 07:59:59.999,89709254.47563510,149063,418.29663000,40846290.03448180
2025-02-05 08:00:00,97864.43000000,98038.00000000,97572.00000000,97634.24000000,516.01346000,2025-02-05 08:59:59.999,50451303.14226180,127088,298.83269000,29216348.42485650
2025-02-05 09:00:00,97634.25000000,97970.61000000,97257.05000000,97405.61000000,787.76544000,2025-02-05 09:59:59.999,76870800.82581270,150398,411.25802000,40133022.28492430
2025-02-05 10:00:00,97405.61000000,98040.71000000,97348.30000000,97734.96000000,916.77973000,2025-02-05 10:59:59.999,89653901.09916150,113069,409.47781000,40032891.55666740
2025-02-05 11:00:00,97734.97000000,98256.00000000,97708.00000000,98198.00000000,908.03831000,2025-02-05 11:59:59.999,89019535.74605710,115479,433.15899000,42459395.74654230
2025-02-05 12:00:00,98198.00000000,98710.38000000,97992.00000000,98057.61000000,1291.30146000,2025-02-05 12:59:59.999,127046310.12241010,143157,503.36257000,49543133.94960200
2025-02-05 13:00:00,98057.62000000,98683.82000000,97941.60000000,98570.01000000,801.11162000,2025-02-05 13:59:59.999,78762794.17232800,126787,391.79564000,38538182.80678120
2025-02-05 14:00:00,98570.00000000,99149.00000000,98121.81000000,98292.27000000,1394.10911000,2025-02-05 14:59:59.999,137567322.05118520,268144,687.97044000,67908159.43055120
2025-02-05 15:00:00,98292.27000000,98550.00000000,97734.69000000,98116.24000000,1705.48267000,2025-02-05 15:59:59.999,167331067.82617790,298604,665.57011000,65330583.65344600
2025-02-05 16:00:00,98116.24000000,98277.02000000,97326.99000000,97974.01000000,1327.04092000,2025-02-05 16:59:59.999,129776846.83751930,315172,681.07181000,66615455.47527200
2025-02-05 17:00:00,97974.01000000,98256.36000000,97349.98000000,97550.74000000,1048.82805000,2025-02-05 17:59:59.999,102426993.15357660,236728,378.69587000,36985797.46513450
2025-02-05 18:00:00,97550.12000000,97700.00000000,96517.22000000,96723.66000000,1407.67838000,2025-02-05 18:59:59.999,136624334.17597690,273917,601.32665000,58348780.83285890
2025-02-05 19:00:00,96723.66000000,97519.54000000,96500.00000000,97370.00000000,1038.45413000,2025-02-05 19:59:59.999,100779032.90111980,192075,520.56485000,50517004.96659230
2025-02-05 20:00:00,97370.00000000,97706.37000000,96870.39000000,97323.39000000,1258.92036000,2025-02-05 20:59:59.999,122664489.31991860,197693,518.54293000,50527148.50494020
2025-02-05 21:00:00,97323.40000000,97532.61000000,96769.23000000,96904.11000000,1234.05224000,2025-02-05 21:59:59.999,119982177.11116560,143022,344.18546000,33460108.88626320
2025-02-05 22:00:00,96904.11000000,97047.89000000,96241.12000000,96445.63000000,2445.99875000,2025-02-05 22:59:59.999,236325958.50687470,218658,668.09857000,64554110.61196560
2025-02-05 23:00:00,96445.64000000,96853.57000000,96155.00000000,96612.43000000,878.84383000,2025-02-05 23:59:59.999,84803304.82341630,166273,349.49800000,33732677.71387470
2025-02-06 00:00:00,96612.44000000,96999.26000000,96430.78000000,96826.96000000,983.47440000,2025-02-06 00:59:59.999,95172744.66175870,191075,576.55404000,55803185.15518100
2025-02-06 01:00:00,96826.97000000,97218.84000000,96639.65000000,97159.68000000,631.64258000,2025-02-06 01:59:59.999,61294577.02233550,145599,277.09462000,26888736.31147460
2025-02-06 02:00:00,97159.69000000,97458.02000000,97103.47000000,97364.08000000,505.10172000,2025-02-06 02:59:59.999,49136282.25788170,107467,243.08577000,23647006.07419160
2025-02-06 03:00:00,97364.09000000,97493.07000000,97073.36000000,97355.67000000,431.93324000,2025-02-06 03:59:59.999,42019110.88732310,73232,193.80262000,18853016.43034980
2025-02-06 04:00:00,97355.66000000,97860.85000000,97273.71000000,97617.01000000,450.85205000,2025-02-06 04:59:59.999,44001479.07584790,90872,269.01677000,26257101.85462790
2025-02-06 05:00:00,97617.02000000,97885.99000000,97600.00000000,97831.47000000,382.19163000,2025-02-06 05:59:59.999,37345593.61893800,49210,176.16390000,17215111.57311850
2025-02-06 06:00:00,97831.47000000,98436.61000000,97704.00000000,98386.89000000,681.94765000,2025-02-06 06:59:59.999,66926225.82544720,112475,369.56224000,36272284.31611080
2025-02-06 07:00:00,98386.90000000,98386.90000000,98012.73000000,98195.61000000,560.46930000,2025-02-06 07:59:59.999,55017635.70390750,75266,170.14462000,16702404.94300910
2025-02-06 08:00:00,98195.60000000,98321.84000000,97910.01000000,98128.43000000,415.07048000,2025-02-06 08:59:59.999,40724074.61783390,81241,191.60735000,18799745.84865730
2025-02-06 09:00:00,98128.42000000,98725.16000000,98110.70000000,98614.41000000,732.24998000,2025-02-06 09:59:59.999,72155977.27539230,109550,391.60825000,38585390.87160230
2025-02-06 10:00:00,98614.40000000,99040.00000000,98614.40000000,99013.30000000,796.00614000,2025-02-06 10:59:59.999,78667824.60200110,117186,482.68968000,47705677.12885270
2025-02-06 11:00:00,99013.30000000,99120.00000000,98405.00000000,98877.99000000,786.10715000,2025-02-06 11:59:59.999,77658076.46993550,143802,359.15540000,35487167.10945330
2025-02-06 12:00:00,98877.99000000,99040.09000000,98283.45000000,98346.09000000,860.66993000,2025-02-06 12:59:59.999,84864336.09355770,154197,337.99462000,33321797.30339170
2025-02-06 13:00:00,98346.09000000,98783.40000000,98166.70000000,98604.50000000,908.47146000,2025-02-06 13:59:59.999,89454846.14008300,170963,479.26000000,47201406.13706040
2025-02-06 14:00:00,98604.50000000,98924.09000000,97795.76000000,97835.98000000,1875.16497000,2025-02-06 14:59:59.999,184317041.67822170,378395,979.28684000,96291263.14132880
2025-02-06 15:00:00,97835.98000000,98064.34000000,96930.17000000,97333.09000000,2557.26573000,2025-02-06 15:59:59.999,249167944.50190150,467960,1213.24908000,118219490.28456910
2025-02-06 16:00:00,97333.09000000,97547.71000000,96400.00000000,96586.96000000,1720.11273000,2025-02-06 16:59:59.999,166733893.32379210,321206,705.08757000,68380236.09531990
2025-02-06 17:00:00,96586.96000000,97188.16000000,96340.81000000,96715.35000000,1010.11114000,2025-02-06 17:59:59.999,97682082.57692450,203406,525.15431000,50787447.50064860
2025-02-06 18:00:00,96715.35000000,96837.19000000,95888.00000000,96316.84000000,1582.11331000,2025-02-06 18:59:59.999,152387766.44441430,273501,789.57736000,76063834.69544200
2025-02-06 19:00:00,96316.83000000,96945.85000000,95676.64000000,95983.00000000,1722.22240000,2025-02-06 19:59:59.999,165718238.44001140,291959,812.34639000,78195701.37877900
2025-02-06 20:00:00,95982.99000000,97093.50000000,95800.00000000,96926.63000000,1109.34467000,2025-02-06 20:59:59.999,107032896.56316880,229769,589.51993000,56868510.42843030
2025-02-06 21:00:00,96926.63000000,96944.16000000,96093.35000000,96807.43000000,1623.48129000,2025-02-06 21:59:59.999,156827347.87793070,204904,524.45754000,50662187.22616000
2025-02-06 22:00:00,96807.43000000,96959.99000000,96154.70000000,96959.99000000,682.05363000,2025-02-06 22:59:59.999,65801412.95596270,134561,382.94350000,36949776.71434370
2025-02-06 23:00:00,96959.99000000,96959.99000000,96202.98000000,96554.35000000,507.14647000,2025-02-06 23:59:59.999,48964512.60298930,115011,222.16809000,21453160.85390650
2025-02-07 00:00:00,96554.35000000,96928.00000000,96409.65000000,96507.75000000,899.43427000,2025-02-07 00:59:59.999,86974391.12243550,164784,363.12347000,35109207.15916180
2025-02-07 01:00:00,96507.76000000,97805.60000000,96505.33000000,97404.01000000,938.87169000,2025-02-07 01:59:59.999,91252832.70707350,183674,566.77514000,55108923.93438150
2025-02-07 02:00:00,97404.01000000,97621.59000000,97047.59000000,97575.85000000,921.02017000,2025-02-07 02:59:59.999,89715881.92627840,171431,472.01451000,45982512.48726410
2025-02-07 03:00:00,97575.86000000,97772.00000000,97250.00000000,97444.04000000,397.34967000,2025-02-07 03:59:59.999,38740157.20686030,99166,192.62112000,18783266.20999580
2025-02-07 04:00:00,97444.04000000,97883.12000000,97383.63000000,97434.79000000,358.25754000,2025-02-07 04:59:59.999,34975688.41031060,101295,172.97985000,16890269.19566890
2025-02-07 05:00:00,97434.79000000,97543.42000000,97142.13000000,97338.20000000,422.13585000,2025-02-07 05:59:59.999,41075050.55760150,84335,126.43564000,12307676.34342690
2025-02-07 06:00:00,97338.20000000,97362.53000000,96566.00000000,96746.87000000,944.72455000,2025-02-07 06:59:59.999,91485917.19212920,180940,375.36301000,36351903.33782120
2025-02-07 07:00:00,96746.87000000,97213.54000000,96645.45000000,96757.05000000,748.38174000,2025-02-07 07:59:59.999,72506499.47229730,141152,365.61374000,35422635.07427430
2025-02-07 08:00:00,96757.04000000,97258.76000000,96613.24000000,97021.47000000,723.04148000,2025-02-07 08:59:59.999,70092152.84014690,132452,369.90391000,35858987.13929170
2025-02-07 09:00:00,97021.47000000,97388.00000000,97021.47000000,97295.23000000,557.76092000,2025-02-07 09:59:59.999,54253929.79648850,90099,294.49161000,28645489.98145290
2025-02-07 10:00:00,97295.24000000,97486.05000000,97248.22000000,97261.51000000,390.17165000,2025-02-07 10:59:59.999,37994056.10078240,97044,175.47813000,17089718.64120320
2025-02-07 11:00:00,97261.52000000,97750.00000000,97261.51000000,97750.00000000,552.57830000,2025-02-07 11:59:59.999,53948726.75437180,79866,336.85767000,32892801.23709200
2025-02-07 12:00:00,97749.99000000,98085.85000000,97500.00000000,97963.58000000,865.98738000,2025-02-07 12:59:59.999,84701370.74631240,100332,490.64963000,47994805.12830160
2025-02-07 13:00:00,97963.58000000,98862.38000000,97165.51000000,98828.01000000,2502.91288000,2025-02-07 13:59:59.999,245623850.13680480,283931,1350.01469000,132565652.28254500
2025-02-07 14:00:00,98828.01000000,100137.99000000,98688.00000000,99710.92000000,3730.76190000,2025-02-07 14:59:59.999,371665409.67837010,495125,1954.62929000,194643173.28092430
2025-02-07 15:00:00,99710.91000000,99710.91000000,97616.27000000,98283.98000000,5294.68336000,2025-02-07 15:59:59.999,521807448.98093140,649196,2234.59460000,220223655.97381350
2025-02-07 16:00:00,98283.98000000,98563.55000000,97638.29000000,97827.66000000,2962.02555000,2025-02-07 16:59:59.999,290428829.01037630,407161,1473.20963000,144512703.21158500
2025-02-07 17:00:00,97827.67000000,98166.67000000,97145.81000000,97434.78000000,1557.74255000,2025-02-07 17:59:59.999,152009646.56030450,395846,704.83469000,68784758.49561260
2025-02-07 18:00:00,97434.79000000,98353.10000000,97300.01000000,97751.99000000,932.05680000,2025-02-07 18:59:59.999,91253450.04869820,214046,478.53644000,46848313.45877510
2025-02-07 19:00:00,97752.00000000,97831.99000000,96856.78000000,96898.56000000,1307.40157000,2025-02-07 19:59:59.999,127271655.57473140,184866,654.43379000,63723184.00654410
2025-02-07 20:00:00,96898.56000000,96944.10000000,95620.34000000,95764.31000000,2130.34759000,2025-02-07 20:59:59.999,204938551.19671590,321794,801.99739000,77143295.30626090
2025-02-07 21:00:00,95764.30000000,96174.79000000,95693.75000000,96011.42000000,1332.88857000,2025-02-07 21:59:59.999,127821796.74968420,179029,712.35765000,68312272.95241050
2025-02-07 22:00:00,96011.43000000,96100.86000000,95632.23000000,96062.76000000,682.10739000,2025-02-07 22:59:59.999,65331591.49460490,143279,270.17729000,25883103.08831040
2025-02-07 23:00:00,96062.77000000,96518.16000000,95866.80000000,96506.80000000,641.57728000,2025-02-07 23:59:59.999,61723550.40952420,111613,312.26081000,30036280.63373460
2025-02-08 00:00:00,96506.80000000,96851.48000000,96335.42000000,96650.14000000,562.29789000,2025-02-08 00:59:59.999,54325432.65676860,124297,261.64116000,25274564.36668980
2025-02-08 01:00:00,96650.15000000,96789.57000000,96395.12000000,96509.20000000,689.19360000,2025-02-08 01:59:59.999,66583014.33909930,104339,206.20831000,19928595.34958430
2025-02-08 02:00:00,96509.20000000,96818.33000000,96399.12000000,96751.01000000,455.40440000,2025-02-08 02:59:59.999,43986329.77454240,77020,144.23270000,13933768.93411510
2025-02-08 03:00:00,96751.02000000,96880.00000000,96542.02000000,96699.23000000,299.48534000,2025-02-08 03:59:59.999,28968883.09868030,62565,135.57153000,13113250.96553270
2025-02-08 04:00:00,96699.24000000,96699.24000000,96222.00000000,96300.01000000,418.74542000,2025-02-08 04:59:59.999,40385425.38191590,74257,151.64281000,14626979.45764640
2025-02-08 05:00:00,96300.01000000,96369.45000000,96064.61000000,96211.08000000,426.23813000,2025-02-08 05:59:59.999,41012850.92681240,90287,208.07077000,20024772.76332350
2025-02-08 06:00:00,96211.08000000,96224.00000000,95853.90000000,95994.55000000,417.26990000,2025-02-08 06:59:59.999,40091613.87836300,64633,157.48250000,15133345.35108470
2025-02-08 07:00:00,95994.56000000,96318.80000000,95785.09000000,96209.92000000,527.23259000,2025-02-08 07:59:59.999,50653313.46906730,86260,284.05352000,27291948.38336300
2025-02-08 08:00:00,96209.92000000,96293.48000000,95879.69000000,95893.84000000,419.39566000,2025-02-08 08:59:59.999,40283013.42977740,62025,207.91764000,19972324.58562990
2025-02-08 09:00:00,95893.84000000,96201.86000000,95893.83000000,96163.05000000,224.77228000,2025-02-08 09:59:59.999,21594533.50926220,44306,151.59268000,14562542.05528960
2025-02-08 10:00:00,96163.05000000,96289.00000000,96010.52000000,96050.64000000,268.26864000,2025-02-08 10:59:59.999,25800740.98211000,61024,134.70794000,12956678.13353050
2025-02-08 11:00:00,96050.63000000,96120.66000000,95865.71000000,96120.00000000,251.58047000,2025-02-08 11:59:59.999,24146248.49383920,59294,112.52957000,10801427.52629550
2025-02-08 12:00:00,96120.00000000,96270.28000000,95864.93000000,96059.24000000,539.02009000,2025-02-08 12:59:59.999,51776198.44089990,76816,241.97595000,23246957.76622200
2025-02-08 13:00:00,96059.25000000,96517.52000000,96011.58000000,96246.70000000,669.24464000,2025-02-08 13:59:59.999,64406093.83021640,80475,440.16621000,42355383.65386400
2025-02-08 14:00:00,96246.69000000,96376.60000000,95950.22000000,96091.34000000,722.98440000,2025-02-08 14:59:59.999,69493739.29919000,96817,205.79580000,19777545.08328040
2025-02-08 15:00:00,96091.34000000,96200.04000000,95688.00000000,95843.74000000,568.28343000,2025-02-08 15:59:59.999,54478088.22080170,95600,224.16665000,21487850.05808680
2025-02-08 16:00:00,95843.74000000,96132.08000000,95749.88000000,96132.07000000,404.70549000,2025-02-08 16:59:59.999,38831633.41718240,86516,209.98935000,20148825.77818210
2025-02-08 17:00:00,96132.07000000,96391.03000000,96132.07000000,96377.71000000,498.44753000,2025-02-08 17:59:59.999,47989171.41187040,90782,265.71662000,25584457.44421080
2025-02-08 18:00:00,96377.71000000,96526.59000000,96235.23000000,96512.00000000,353.52885000,2025-02-08 18:59:59.999,34085438.47197140,66746,192.42113000,18554020.00733180
2025-02-08 19:00:00,96512.00000000,96750.00000000,96399.27000000,96579.99000000,279.95367000,2025-02-08 19:59:59.999,27039958.49204230,58626,133.27011000,12872717.37696390
2025-02-08 20:00:00,96579.99000000,96638.89000000,96358.50000000,96455.92000000,264.21148000,2025-02-08 20:59:59.999,25481036.91299320,52758,97.23387000,9377566.91708010
2025-02-08 21:00:00,96455.92000000,96600.00000000,96360.00000000,96527.36000000,224.76729000,2025-02-08 21:59:59.999,21684595.52251450,46206,78.51361000,7574617.68372950
2025-02-08 22:00:00,96527.37000000,96712.00000000,96388.88000000,96473.90000000,286.06330000,2025-02-08 22:59:59.999,27619276.40442240,45007,111.90036000,10802207.93330510
2025-02-08 23:00:00,96473.91000000,96687.02000000,96430.43000000,96444.74000000,376.14845000,2025-02-08 23:59:59.999,36323637.15152050,51236,93.72603000,9050417.33039960
2025-02-09 00:00:00,96444.75000000,96584.91000000,96360.14000000,96568.00000000,346.91772000,2025-02-09 00:59:59.999,33466867.71571310,56156,119.97938000,11574863.48205560
2025-02-09 01:00:00,96568.01000000,96992.37000000,96484.00000000,96992.36000000,532.69426000,2025-02-09 01:59:59.999,51549737.91137150,67188,255.52833000,24730087.51106880
2025-02-09 02:00:00,96992.36000000,97042.59000000,96687.81000000,96727.31000000,434.32910000,2025-02-09 02:59:59.999,42077225.20317150,74794,187.70015000,18184658.19423540
2025-02-09 03:00:00,96727.32000000,97300.00000000,96690.31000000,97300.00000000,750.43192000,2025-02-09 03:59:59.999,72828738.49025560,106179,486.16545000,47189732.26963780
2025-02-09 04:00:00,97299.99000000,97323.09000000,96964.14000000,97220.59000000,401.46362000,2025-02-09 04:59:59.999,39006582.28290930,57783,236.58277000,22988270.41325380
2025-02-09 05:00:00,97220.58000000,97227.39000000,97000.00000000,97029.28000000,222.88816000,2025-02-09 05:59:59.999,21641899.24134800,33166,89.79857000,8718455.82399220
2025-02-09 06:00:00,97029.28000000,97068.04000000,96777.77000000,97005.89000000,288.62500000,2025-02-09 06:59:59.999,27975139.10571710,50185,107.28950000,10398955.47977930
2025-02-09 07:00:00,97005.89000000,97127.94000000,96932.88000000,97057.83000000,217.20888000,2025-02-09 07:59:59.999,21076723.22912210,45523,120.53428000,11696130.30930370
2025-02-09 08:00:00,97057.83000000,97294.46000000,97055.55000000,97086.00000000,333.14767000,2025-02-09 08:59:59.999,32377701.96006470,54305,183.30160000,17815064.96651310
2025-02-09 09:00:00,97086.00000000,97086.00000000,96898.05000000,96924.53000000,428.91316000,2025-02-09 09:59:59.999,41589191.20607500,58504,142.33508000,13801234.86154590
2025-02-09 10:00:00,96924.53000000,96924.53000000,96656.79000000,96762.01000000,525.83504000,2025-02-09 10:59:59.999,50899148.28639190,67733,199.04820000,19266079.74643060
2025-02-09 11:00:00,96762.01000000,97020.00000000,96509.96000000,96554.01000000,522.89259000,2025-02-09 11:59:59.999,50595895.08698280,76656,266.00435000,25737079.06822670
2025-02-09 12:00:00,96554.01000000,96703.99000000,96314.30000000,96535.26000000,612.90916000,2025-02-09 12:59:59.999,59171089.79542960,81827,338.96472000,32728001.48138680
2025-02-09 13:00:00,96535.27000000,96544.63000000,95800.01000000,95877.92000000,1129.42710000,2025-02-09 13:59:59.999,108594146.08044150,120500,336.75410000,32386291.43823860
2025-02-09 14:00:00,95877.93000000,96305.30000000,95700.00000000,96127.73000000,847.92385000,2025-02-09 14:59:59.999,81441991.13031330,108553,401.59459000,38573328.07255030
2025-02-09 15:00:00,96127.51000000,96653.06000000,96109.93000000,96488.15000000,625.59676000,2025-02-09 15:59:59.999,60330031.17401770,96584,364.11624000,35108439.36215480
2025-02-09 16:00:00,96488.14000000,96545.65000000,96326.96000000,96442.16000000,413.88468000,2025-02-09 16:59:59.999,39921732.02015680,77360,221.33507000,21348610.06287880
2025-02-09 17:00:00,96442.16000000,96567.80000000,95900.00000000,96171.17000000,549.43351000,2025-02-09 17:59:59.999,52861814.74822860,109107,213.32621000,20524517.09626540
2025-02-09 18:00:00,96171.18000000,96281.45000000,95982.00000000,96212.00000000,248.89382000,2025-02-09 18:59:59.999,23921316.79177970,72877,139.43725000,13401520.32289400
2025-02-09 19:00:00,96212.00000000,96273.63000000,95888.88000000,96064.74000000,292.10619000,2025-02-09 19:59:59.999,28055451.66955520,67792,146.57336000,14077147.04882860
2025-02-09 20:00:00,96064.73000000,96760.00000000,96048.81000000,96322.24000000,385.93272000,2025-02-09 20:59:59.999,37207129.52717180,88442,213.27773000,20563669.52212640
2025-02-09 21:00:00,96322.23000000,96331.81000000,94713.00000000,95173.78000000,2070.22704000,2025-02-09 21:59:59.999,197174689.86744080,281525,791.28429000,75347617.44924850
2025-02-09 22:00:00,95173.79000000,96464.77000000,94779.19000000,95831.64000000,1356.05815000,2025-02-09 22:59:59.999,129645709.19198240,289047,765.59462000,73208827.87396300
2025-02-09 23:00:00,95830.19000000,96572.85000000,95722.22000000,96462.75000000,583.17603000,2025-02-09 23:59:59.999,56085200.59515740,151406,337.20291000,32427016.31869810
2025-02-10 00:00:00,96462.75000000,97131.47000000,96452.09000000,96717.98000000,855.85027000,2025-02-10 00:59:59.999,82908983.47366340,193825,444.07066000,43019688.93159870
2025-02-10 01:00:00,96717.99000000,96833.34000000,95256.00000000,95576.00000000,1127.48293000,2025-02-10 01:59:59.999,108121326.46128850,235780,493.88141000,47332282.41509790
2025-02-10 02:00:00,95576.00000000,96070.36000000,95419.47000000,95798.82000000,1042.27393000,2025-02-10 02:59:59.999,99726907.92349240,198135,490.18440000,46923821.53630750
2025-02-10 03:00:00,95798.83000000,97098.35000000,95762.00000000,96814.98000000,1416.36294000,2025-02-10 03:59:59.999,136908597.33923490,230487,743.10957000,71767150.80137070
2025-02-10 04:00:00,96814.97000000,97170.00000000,96632.81000000,96935.46000000,632.94413000,2025-02-10 04:59:59.999,61357358.43249560,113384,305.33671000,29605215.90929650
2025-02-10 05:00:00,96935.46000000,97640.02000000,96764.75000000,97015.26000000,1519.53410000,2025-02-10 05:59:59.999,147633863.89799710,167022,716.36851000,69643594.46228570
2025-02-10 06:00:00,97015.26000000,97219.99000000,96800.00000000,97142.43000000,808.23303000,2025-02-10 06:59:59.999,78435143.58981050,123762,408.51757000,39645136.42070330
2025-02-10 07:00:00,97142.43000000,97482.87000000,97108.88000000,97429.83000000,755.46407000,2025-02-10 07:59:59.999,73504330.07943040,107556,394.59024000,38392993.43402400
2025-02-10 08:00:00,97429.83000000,97899.99000000,97358.79000000,97683.99000000,1238.61637000,2025-02-10 08:59:59.999,121030556.94641210,140845,774.22893000,75660650.54771720
2025-02-10 09:00:00,97684.00000000,97880.33000000,97451.73000000,97664.78000000,659.22257000,2025-02-10 09:59:59.999,64370077.86253710,79902,257.06394000,25107270.63537180
2025-02-10 10:00:00,97664.77000000,97954.69000000,97589.94000000,97728.29000000,1021.79544000,2025-02-10 10:59:59.999,99925952.50140700,85737,421.73630000,41253489.04881790
2025-02-10 11:00:00,97728.29000000,97899.00000000,97599.88000000,97661.16000000,600.83887000,2025-02-10 11:59:59.999,58740204.24761580,78937,288.29358000,28182224.78319150
2025-02-10 12:00:00,97661.15000000,97788.24000000,97180.55000000,97358.58000000,592.57733000,2025-02-10 12:59:59.999,57758246.33630730,106500,249.47733000,24314001.42386690
2025-02-10 13:00:00,97358.59000000,98345.00000000,97356.03000000,98215.72000000,1115.72278000,2025-02-10 13:59:59.999,109121744.02526310,171767,666.81088000,65243497.71200110
2025-02-10 14:00:00,98215.71000000,98312.00000000,97070.00000000,97270.64000000,1686.99088000,2025-02-10 14:59:59.999,164635445.93725110,304996,695.52845000,67885005.32450420
2025-02-10 15:00:00,97270.65000000,97566.03000000,96866.66000000,97218.69000000,1141.04586000,2025-02-10 15:59:59.999,110898232.77231590,232471,451.23245000,43856108.94555640
2025-02-10 16:00:00,97218.68000000,97380.00000000,96866.39000000,97300.75000000,941.39367000,2025-02-10 16:59:59.999,91476799.50004510,186821,500.53189000,48656163.01995560
2025-02-10 17:00:00,97300.75000000,97516.10000000,96884.01000000,97500.00000000,584.34440000,2025-02-10 17:59:59.999,56792021.38024690,187708,286.38828000,27835063.24919330
2025-02-10 18:00:00,97499.99000000,97557.02000000,97186.04000000,97549.99000000,749.86472000,2025-02-10 18:59:59.999,73011853.65966000,137160,202.31893000,19700284.37412600
2025-02-10 19:00:00,97549.98000000,97643.29000000,97265.91000000,97376.00000000,509.73780000,2025-02-10 19:59:59.999,49701928.83421700,107486,183.26994000,17871043.32154940
2025-02-10 20:00:00,97376.00000000,97489.78000000,97219.46000000,97331.95000000,521.01283000,2025-02-10 20:59:59.999,50733677.13614090,84843,203.06369000,19769674.64771440
2025-02-10 21:00:00,97331.96000000,97378.57000000,97128.79000000,97375.81000000,562.27809000,2025-02-10 21:59:59.999,54684644.18058750,59941,184.09210000,17903798.39455010
2025-02-10 22:00:00,97375.80000000,97490.71000000,97280.40000000,97390.26000000,248.77910000,2025-02-10 22:59:59.999,24224456.52215750,54788,128.33007000,12494889.09928460
2025-02-10 23:00:00,97390.26000000,97449.06000000,97240.00000000,97430.82000000,240.50926000,2025-02-10 23:59:59.999,23409699.62920910,86066,119.19746000,11602570.06693440
2025-02-11 00:00:00,97430.82000000,98149.92000000,97416.62000000,97783.12000000,680.58059000,2025-02-11 00:59:59.999,66562624.68907070,182903,386.09640000,37757152.12193340
2025-02-11 01:00:00,97783.12000000,98100.00000000,97783.12000000,97994.23000000,505.79967000,2025-02-11 01:59:59.999,49560282.93134630,121235,260.77344000,25550978.74065560
2025-02-11 02:00:00,97994.24000000,98098.00000000,97464.67000000,97764.00000000,533.86507000,2025-02-11 02:59:59.999,52209157.82628410,133776,237.43245000,23218171.54102190
2025-02-11 03:00:00,97764.00000000,97766.88000000,97480.16000000,97607.30000000,304.67644000,2025-02-11 03:59:59.999,29730606.19597260,79102,141.32385000,13790928.40907830
2025-02-11 04:00:00,97607.31000000,98193.74000000,97558.99000000,98064.93000000,495.20890000,2025-02-11 04:59:59.999,48470406.46983850,107542,310.88584000,30427354.56339200
2025-02-11 05:00:00,98064.93000000,98478.42000000,98008.00000000,98412.24000000,896.14152000,2025-02-11 05:59:59.999,88023898.18246050,126319,471.09642000,46272039.34578790
2025-02-11 06:00:00,98412.24000000,98476.00000000,98135.67000000,98424.33000000,555.33406000,2025-02-11 06:59:59.999,54610523.32624430,86970,196.99827000,19368353.86486670
2025-02-11 07:00:00,98424.32000000,98464.03000000,98258.46000000,98268.97000000,639.99685000,2025-02-11 07:59:59.999,62958752.93231790,86492,193.28966000,19014710.33254450
2025-02-11 08:00:00,98268.98000000,98330.00000000,98109.29000000,98223.79000000,470.44777000,2025-02-11 08:59:59.999,46204863.94510900,67145,178.35749000,17517703.03871510
2025-02-11 09:00:00,98223.79000000,98300.05000000,97913.80000000,97999.99000000,446.38960000,2025-02-11 09:59:59.999,43798041.38826100,71994,166.15334000,16304125.18726280
2025-02-11 10:00:00,97999.99000000,98132.71000000,97885.62000000,97961.25000000,484.84762000,2025-02-11 10:59:59.999,47519284.89574440,75157,175.95804000,17247816.98627770
2025-02-11 11:00:00,97961.24000000,98232.91000000,97894.38000000,98151.52000000,302.01527000,2025-02-11 11:59:59.999,29616845.70510740,65548,141.73193000,13900590.98101990
2025-02-11 12:00:00,98151.51000000,98158.89000000,97680.49000000,97766.13000000,550.95842000,2025-02-11 12:59:59.999,53911467.59047380,125061,226.80852000,22190007.43985710
2025-02-11 13:00:00,97766.13000000,97850.00000000,96670.00000000,96799.53000000,1309.33900000,2025-02-11 13:59:59.999,127385459.52675510,221199,575.48357000,56021817.97269180
2025-02-11 14:00:00,96799.53000000,97321.73000000,96595.33000000,96962.03000000,1274.66509000,2025-02-11 14:59:59.999,123561319.00283160,327411,629.76882000,61055587.70353020
2025-02-11 15:00:00,96962.04000000,97262.56000000,96631.38000000,97007.53000000,1110.13994000,2025-02-11 15:59:59.999,107626270.02214040,295666,515.10930000,49946287.52016750
2025-02-11 16:00:00,97007.54000000,97045.53000000,96303.00000000,96365.05000000,1198.98433000,2025-02-11 16:59:59.999,115864926.45097380,214160,440.94479000,42606619.97337030
2025-02-11 17:00:00,96365.04000000,96395.28000000,95950.00000000,96165.29000000,1067.45280000,2025-02-11 17:59:59.999,102666436.23847810,203542,537.82191000,51732722.03032310
2025-02-11 18:00:00,96165.29000000,96165.29000000,95409.92000000,95469.28000000,1234.84113000,2025-02-11 18:59:59.999,118224665.21593500,180064,477.31426000,45697783.44691760
2025-02-11 19:00:00,95469.28000000,95658.24000000,94876.88000000,95040.82000000,1383.45885000,2025-02-11 19:59:59.999,131619404.60132180,275481,664.95445000,63264302.95033220
2025-02-11 20:00:00,95040.81000000,95439.27000000,94928.47000000,95305.00000000,911.18485000,2025-02-11 20:59:59.999,86704346.25473120,185211,472.72976000,44988725.05995220
2025-02-11 21:00:00,95305.01000000,96449.26000000,95256.80000000,96390.23000000,916.87274000,2025-02-11 21:59:59.999,87918318.59260700,169191,540.57400000,51855425.81416540
2025-02-11 22:00:00,96390.22000000,96512.70000000,95353.64000000,95580.23000000,843.55750000,2025-02-11 22:59:59.999,80956888.24480080,185649,384.34420000,36888143.69707100
2025-02-11 23:00:00,95580.24000000,95966.65000000,95490.05000000,95778.20000000,531.00578000,2025-02-11 23:59:59.999,50830056.15751420,129768,268.54995000,25702706.15543740
2025-02-12 00:00:00,95778.21000000,96120.00000000,95672.56000000,96060.00000000,576.62562000,2025-02-12 00:59:59.999,55288334.48217530,136856,242.23454000,23231153.58149250
2025-02-12 01:00:00,96060.00000000,96263.99000000,95817.69000000,96207.32000000,373.26635000,2025-02-12 01:59:59.999,35839956.39176670,94740,178.85535000,17178539.87067060
2025-02-12 02:00:00,96207.33000000,96214.70000000,95384.61000000,95579.14000000,657.69595000,2025-02-12 02:59:59.999,63000917.64930500,111288,244.30586000,23392376.35258130
2025-02-12 03:00:00,95579.13000000,95762.67000000,95100.00000000,95299.27000000,799.73342000,2025-02-12 03:59:59.999,76347587.37928240,147072,366.91302000,35024679.50346630
2025-02-12 04:00:00,95299.28000000,95611.12000000,95267.71000000,95556.98000000,551.85072000,2025-02-12 04:59:59.999,52679139.70669100,135940,294.20306000,28085731.14926210
2025-02-12 05:00:00,95556.99000000,95933.30000000,95514.60000000,95886.54000000,318.13104000,2025-02-12 05:59:59.999,30467000.33605280,86285,139.54109000,13364987.09109680
2025-02-12 06:00:00,95886.54000000,95952.09000000,95684.00000000,95817.87000000,353.46652000,2025-02-12 06:59:59.999,33872833.79553580,71227,162.47972000,15567320.00861870
2025-02-12 07:00:00,95817.87000000,96188.68000000,95793.11000000,96069.58000000,716.35723000,2025-02-12 07:59:59.999,68777783.31207600,79952,511.28710000,49088686.30905330
2025-02-12 08:00:00,96069.58000000,96469.78000000,96047.73000000,96358.46000000,480.83950000,2025-02-12 08:59:59.999,46293279.79423890,97058,213.91752000,20596610.19323860
2025-02-12 09:00:00,96358.46000000,96377.36000000,96014.69000000,96129.28000000,981.15914000,2025-02-12 09:59:59.999,94365168.47115540,107244,343.54339000,33053705.15602980
2025-02-12 10:00:00,96129.28000000,96196.00000000,95913.49000000,95978.01000000,397.44155000,2025-02-12 10:59:59.999,38193233.72870380,73692,127.61144000,12262619.73165470
2025-02-12 11:00:00,95978.00000000,96377.32000000,95978.00000000,96094.65000000,437.01756000,2025-02-12 11:59:59.999,42035671.12818180,85587,180.45729000,17358226.80461230
2025-02-12 12:00:00,96094.65000000,96350.00000000,95944.44000000,95982.97000000,471.65116000,2025-02-12 12:59:59.999,45359766.73977750,91048,203.74993000,19597404.99586360
2025-02-12 13:00:00,95982.97000000,96631.66000000,94088.23000000,94975.38000000,6201.22653000,2025-02-12 13:59:59.999,589307583.58042500,698898,2690.42668000,255762974.88257240
2025-02-12 14:00:00,94975.37000000,95685.90000000,94500.00000000,95628.91000000,2815.25179000,2025-02-12 14:59:59.999,267695128.86117920,655222,1447.80455000,137695629.24711110
2025-02-12 15:00:00,95628.92000000,95999.65000000,94708.17000000,95816.18000000,2317.41055000,2025-02-12 15:59:59.999,221309374.23620810,541780,1117.28544000,106730239.73890300
2025-02-12 16:00:00,95816.18000000,97094.34000000,95120.30000000,96986.14000000,2240.81919000,2025-02-12 16:59:59.999,215542226.06257140,353826,1359.60425000,130826997.47881210
2025-02-12 17:00:00,96986.14000000,97700.00000000,96769.23000000,97354.89000000,2542.31272000,2025-02-12 17:59:59.999,247192149.05125920,329075,1124.36313000,109333251.43198910
2025-02-12 18:00:00,97354.88000000,97450.00000000,96625.00000000,96921.43000000,1188.43319000,2025-02-12 18:59:59.999,115256542.64576440,180404,485.29577000,47070715.24616580
2025-02-12 19:00:00,96921.42000000,97278.16000000,96353.47000000,97205.06000000,717.99366000,2025-02-12 19:59:59.999,69527290.36707810,194742,334.59504000,32404200.97705400
2025-02-12 20:00:00,97205.06000000,97623.48000000,96931.89000000,97025.24000000,938.18608000,2025-02-12 20:59:59.999,91295659.35584390,191839,445.00375000,43308132.11667270
2025-02-12 21:00:00,97026.53000000,97908.99000000,96854.97000000,97646.50000000,1037.19237000,2025-02-12 21:59:59.999,101164532.95058180,151625,537.62355000,52439324.29300850
2025-02-12 22:00:00,97646.51000000,98119.99000000,97416.40000000,97806.57000000,1180.16505000,2025-02-12 22:59:59.999,115509012.79059170,233378,685.47086000,67098308.64156270
2025-02-12 23:00:00,97806.57000000,98000.01000000,97579.31000000,97869.99000000,856.93936000,2025-02-12 23:59:59.999,83821995.57792020,143959,384.13320000,37572442.23864140
2025-02-13 00:00:00,97870.00000000,97870.00000000,97534.07000000,97818.91000000,621.42152000,2025-02-13 00:59:59.999,60697696.67263620,111329,238.50269000,23298819.29435500
2025-02-13 01:00:00,97818.91000000,98083.91000000,97743.57000000,97986.19000000,683.24154000,2025-02-13 01:59:59.999,66886141.55620710,136063,305.45494000,29902454.18140170
2025-02-13 02:00:00,97986.18000000,97986.19000000,97367.45000000,97473.66000000,446.21833000,2025-02-13 02:59:59.999,43582309.06599410,88081,181.37892000,17719347.88705110
2025-02-13 03:00:00,97473.67000000,97631.03000000,97430.00000000,97498.42000000,376.45603000,2025-02-13 03:59:59.999,36716268.29761650,68647,173.78446000,16950482.20860650
2025-02-13 04:00:00,97498.43000000,97564.83000000,96767.28000000,96927.46000000,711.63196000,2025-02-13 04:59:59.999,69121887.09646860,110468,286.18709000,27803941.80911780
2025-02-13 05:00:00,96927.46000000,96929.67000000,96503.38000000,96666.38000000,746.30255000,2025-02-13 05:59:59.999,72184019.90949240,147635,307.73495000,29764471.98668730
2025-02-13 06:00:00,96666.37000000,96757.50000000,95800.00000000,96056.72000000,1088.55194000,2025-02-13 06:59:59.999,104727690.23605790,194074,474.14762000,45611619.83663330
2025-02-13 07:00:00,96056.72000000,96231.67000000,95901.00000000,96070.23000000,837.45143000,2025-02-13 07:59:59.999,80468063.48345480,156032,412.75694000,39665561.86879530
2025-02-13 08:00:00,96070.23000000,96175.34000000,95649.85000000,95943.62000000,1211.55455000,2025-02-13 08:59:59.999,116229483.41871220,173364,430.81153000,41336510.23119460
2025-02-13 09:00:00,95943.62000000,96297.76000000,95786.20000000,96262.25000000,640.54269000,2025-02-13 09:59:59.999,61570152.08804550,112118,319.91277000,30759488.51407720
2025-02-13 10:00:00,96262.24000000,96336.00000000,96103.14000000,96155.86000000,421.26729000,2025-02-13 10:59:59.999,40530039.76388590,96745,153.11895000,14731802.15044180
2025-02-13 11:00:00,96155.87000000,96288.74000000,95599.57000000,95925.11000000,881.28275000,2025-02-13 11:59:59.999,84537049.82705600,174890,336.52868000,32289530.36407500
2025-02-13 12:00:00,95925.12000000,96069.81000000,95707.02000000,95820.28000000,779.42863000,2025-02-13 12:59:59.999,74749859.81411040,160672,370.88489000,35574432.83444530
2025-02-13 13:00:00,95820.29000000,96301.59000000,95636.79000000,96074.66000000,1318.76591000,2025-02-13 13:59:59.999,126602660.52838450,284834,661.65933000,63526340.11301830
2025-02-13 14:00:00,96074.67000000,96104.49000000,95336.00000000,95857.03000000,1756.05228000,2025-02-13 14:59:59.999,168165530.38556070,337794,691.46674000,66231365.59767250
2025-02-13 15:00:00,95857.03000000,96480.06000000,95519.99000000,95998.00000000,1574.35787000,2025-02-13 15:59:59.999,151204201.79012390,312203,793.75900000,76248985.15819050
2025-02-13 16:00:00,95998.00000000,96002.24000000,95217.36000000,95359.22000000,1167.88640000,2025-02-13 16:59:59.999,111560264.69079000,224513,503.37963000,48088461.79316080
2025-02-13 17:00:00,95359.22000000,96023.58000000,95287.00000000,95692.09000000,825.45363000,2025-02-13 17:59:59.999,78977643.61934510,178524,421.26532000,40301864.43919010
2025-02-13 18:00:00,95692.08000000,95981.20000000,95320.75000000,95964.01000000,845.96591000,2025-02-13 18:59:59.999,80900181.39234440,217177,330.51513000,31615273.17213920
2025-02-13 19:00:00,95964.01000000,96361.58000000,95561.46000000,95627.76000000,850.37150000,2025-02-13 19:59:59.999,81602066.24746580,177057,422.01452000,40501573.63309620
2025-02-13 20:00:00,95627.75000000,96291.95000000,95600.00000000,96264.52000000,680.56341000,2025-02-13 20:59:59.999,65386866.19221880,152482,355.81598000,34179618.50885430
2025-02-13 21:00:00,96264.52000000,96774.71000000,96253.33000000,96488.00000000,718.62221000,2025-02-13 21:59:59.999,69360017.92075560,137237,347.38620000,33531684.21499390
2025-02-13 22:00:00,96487.99000000,96600.00000000,96265.16000000,96411.40000000,330.24155000,2025-02-13 22:59:59.999,31852196.25599870,69394,141.18735000,13616226.55580670
2025-02-13 23:00:00,96411.40000000,96630.00000000,96312.51000000,96608.14000000,408.14428000,2025-02-13 23:59:59.999,39375956.13939350,88123,192.50852000,18573710.74093030
2025-02-14 00:00:00,96608.13000000,96965.51000000,96531.36000000,96750.83000000,427.84311000,2025-02-14 00:59:59.999,41380114.85776370,74381,205.30358000,19859992.46007080
2025-02-14 01:00:00,96750.83000000,96884.62000000,96356.41000000,96529.27000000,463.70552000,2025-02-14 01:59:59.999,44789561.32845850,81463,194.60615000,18801839.12603870
2025-02-14 02:00:00,96529.28000000,96835.30000000,96441.27000000,96528.47000000,459.07477000,2025-02-14 02:59:59.999,44383593.51837540,81272,221.23532000,21393130.97338620
2025-02-14 03:00:00,96528.47000000,97190.00000000,96527.71000000,97129.98000000,455.17130000,2025-02-14 03:59:59.999,44099653.27107850,72584,247.81997000,24017903.12585580
2025-02-14 04:00:00,97129.98000000,97248.60000000,96750.00000000,96750.00000000,434.86356000,2025-02-14 04:59:59.999,42170713.84971180,60178,154.77820000,15017511.77264530
2025-02-14 05:00:00,96750.01000000,96908.16000000,96561.36000000,96683.29000000,432.68245000,2025-02-14 05:59:59.999,41863692.64072640,61545,143.38047000,13873934.23957100
2025-02-14 06:00:00,96683.30000000,96857.18000000,96611.11000000,96834.29000000,489.84611000,2025-02-14 06:59:59.999,47390691.06784140,55971,249.76861000,24162836.33469250
2025-02-14 07:00:00,96834.30000000,97075.33000000,96806.51000000,96944.09000000,425.14091000,2025-02-14 07:59:59.999,41225975.98729370,56864,227.75720000,22087474.79205950
2025-02-14 08:00:00,96944.09000000,97025.56000000,96799.99000000,96871.97000000,344.28951000,2025-02-14 08:59:59.999,33364653.06721420,56864,156.70135000,15186659.71482160
2025-02-14 09:00:00,96871.96000000,97153.50000000,96831.00000000,97108.31000000,553.35115000,2025-02-14 09:59:59.999,53696022.81312490,63482,314.72675000,30543479.66731610
2025-02-14 10:00:00,97108.31000000,97196.00000000,96962.26000000,97017.40000000,460.85165000,2025-02-14 10:59:59.999,44744391.23753120,70053,197.72257000,19198709.67102170
2025-02-14 11:00:00,97017.41000000,97143.20000000,96800.00000000,96887.56000000,399.89281000,2025-02-14 11:59:59.999,38772383.16879380,73535,172.30356000,16706749.24394020
2025-02-14 12:00:00,96887.55000000,96887.56000000,96516.20000000,96652.58000000,342.62053000,2025-02-14 12:59:59.999,33128958.04812840,78252,121.24830000,11723734.94911320
2025-02-14 13:00:00,96652.58000000,96980.00000000,96450.34000000,96786.68000000,601.84618000,2025-02-14 13:59:59.999,58227782.70320630,111718,274.48982000,26559843.99549570
2025-02-14 14:00:00,96786.68000000,97568.28000000,96572.00000000,97290.95000000,1394.19724000,2025-02-14 14:59:59.999,135389183.75876990,223155,745.00703000,72363066.05534450
2025-02-14 15:00:00,97290.95000000,97409.30000000,96252.82000000,96924.39000000,1660.70388000,2025-02-14 15:59:59.999,160581512.11592700,353272,778.20126000,75244035.79520580
2025-02-14 16:00:00,96924.57000000,97700.00000000,96494.17000000,97658.70000000,994.97707000,2025-02-14 16:59:59.999,96528292.25033070,265750,556.39437000,54010063.27505140
2025-02-14 17:00:00,97658.70000000,98826.00000000,97142.00000000,98526.00000000,2618.64400000,2025-02-14 17:59:59.999,256502995.51044260,380851,1565.97430000,153468643.83639590
2025-02-14 18:00:00,98525.99000000,98738.57000000,98166.66000000,98192.84000000,1370.44479000,2025-02-14 18:59:59.999,134910723.64033290,304535,634.20422000,62430153.35751650
2025-02-14 19:00:00,98192.84000000,98450.00000000,97656.00000000,97940.45000000,1025.49335000,2025-02-14 19:59:59.999,100610560.79282140,243450,479.61584000,47057570.81844240
2025-02-14 20:00:00,97940.44000000,98264.85000000,97003.28000000,97196.09000000,1052.02168000,2025-02-14 20:59:59.999,102805365.49450630,225682,437.02407000,42717554.21103280
2025-02-14 21:00:00,97196.10000000,97492.69000000,96697.56000000,97456.79000000,1072.77905000,2025-02-14 21:59:59.999,104126088.92504640,261638,634.06969000,61544569.45194600
2025-02-14 22:00:00,97456.78000000,97538.11000000,96922.23000000,97134.59000000,435.45827000,2025-02-14 22:59:59.999,42364379.01354280,149327,209.04012000,20339799.19594630
2025-02-14 23:00:00,97134.60000000,97519.99000000,96995.41000000,97500.48000000,257.12757000,2025-02-14 23:59:59.999,25015929.80804720,93742,139.94407000,13616093.58151140
2025-02-15 00:00:00,97500.47000000,97516.20000000,97223.58000000,97470.88000000,490.01632000,2025-02-15 00:59:59.999,47720404.37722460,115321,240.65768000,23433635.03673520
2025-02-15 01:00:00,97470.87000000,97833.42000000,97436.93000000,97804.24000000,352.00246000,2025-02-15 01:59:59.999,34374322.61001690,84663,202.76573000,19798848.69260750
2025-02-15 02:00:00,97804.24000000,97918.53000000,97625.30000000,97839.04000000,362.11893000,2025-02-15 02:59:59.999,35402673.53275000,76466,218.62414000,21371179.09788740
2025-02-15 03:00:00,97839.05000000,97972.26000000,97642.16000000,97653.19000000,302.29454000,2025-02-15 03:59:59.999,29566078.12721270,54396,128.80996000,12597003.45759080
2025-02-15 04:00:00,97653.19000000,97780.73000000,97482.21000000,97527.63000000,358.46801000,2025-02-15 04:59:59.999,34990106.67414460,60003,100.73663000,9834475.40070770
2025-02-15 05:00:00,97527.64000000,97640.97000000,97450.01000000,97611.17000000,221.13608000,2025-02-15 05:59:59.999,21572966.63100030,45597,109.48370000,10681480.14023370
2025-02-15 06:00:00,97611.18000000,97664.06000000,97439.04000000,97488.61000000,210.60577000,2025-02-15 06:59:59.999,20545537.05581380,49676,107.50446000,10487566.21778030
2025-02-15 07:00:00,97488.62000000,97526.54000000,97345.50000000,97346.26000000,239.22000000,2025-02-15 07:59:59.999,23303138.69335080,56042,92.42177000,9003204.53559100
2025-02-15 08:00:00,97346.27000000,97544.00000000,97301.77000000,97505.51000000,208.69423000,2025-02-15 08:59:59.999,20336508.88039180,51416,98.70153000,9618425.35547670
2025-02-15 09:00:00,97505.51000000,97606.80000000,97441.49000000,97562.55000000,224.44139000,2025-02-15 09:59:59.999,21890090.53490250,49369,100.29490000,9782326.87613510
2025-02-15 10:00:00,97562.56000000,97731.09000000,97458.00000000,97653.95000000,204.41389000,2025-02-15 10:59:59.999,19949657.76639970,56081,91.56581000,8935991.37849980
2025-02-15 11:00:00,97653.94000000,97669.83000000,97472.75000000,97615.59000000,236.62887000,2025-02-15 11:59:59.999,23091264.29230090,58734,120.17397000,11727462.33037030
2025-02-15 12:00:00,97615.59000000,97833.42000000,97531.52000000,97753.82000000,316.93458000,2025-02-15 12:59:59.999,30958949.96431580,79807,157.55027000,15390954.28217850
2025-02-15 13:00:00,97753.81000000,97962.51000000,97677.28000000,97716.89000000,706.14764000,2025-02-15 13:59:59.999,69067578.84162770,93212,407.44398000,39862559.61385320
2025-02-15 14:00:00,97716.89000000,97756.00000000,97426.57000000,97593.61000000,673.38862000,2025-02-15 14:59:59.999,65695310.64744360,132285,356.10363000,34737004.31113280
2025-02-15 15:00:00,97593.62000000,97722.22000000,97548.23000000,97633.22000000,312.88733000,2025-02-15 15:59:59.999,30548726.66035610,83807,153.47245000,14984427.27567610
2025-02-15 16:00:00,97633.21000000,97714.39000000,97455.48000000,97535.39000000,278.61059000,2025-02-15 16:59:59.999,27185276.18833400,76707,111.53183000,10882988.46018070
2025-02-15 17:00:00,97535.39000000,97584.84000000,97304.38000000,97410.28000000,331.54700000,2025-02-15 17:59:59.999,32298061.12054100,85096,155.37511000,15135231.18228200
2025-02-15 18:00:00,97410.29000000,97584.91000000,97368.82000000,97540.79000000,178.74962000,2025-02-15 18:59:59.999,17423552.53403830,59299,86.35928000,8417856.99820240
2025-02-15 19:00:00,97540.80000000,97650.00000000,97509.61000000,97531.90000000,132.93067000,2025-02-15 19:59:59.999,12972803.47397030,45258,58.63793000,5722217.83893570
2025-02-15 20:00:00,97531.91000000,97641.78000000,97414.05000000,97539.40000000,186.07288000,2025-02-15 20:59:59.999,18146719.31940750,71774,83.66248000,8159112.39776120
2025-02-15 21:00:00,97539.40000000,97691.47000000,97539.39000000,97684.23000000,178.14951000,2025-02-15 21:59:59.999,17392017.50444660,51610,88.44266000,8633748.36782150
2025-02-15 22:00:00,97684.23000000,97741.35000000,97432.50000000,97545.76000000,290.27263000,2025-02-15 22:59:59.999,28327325.66298500,67655,144.95779000,14147103.06123230
2025-02-15 23:00:00,97545.77000000,97634.22000000,97426.56000000,97569.66000000,353.64527000,2025-02-15 23:59:59.999,34486322.68511750,90053,163.86433000,15977975.92510500
2025-02-16 00:00:00,97569.67000000,97704.47000000,97554.65000000,97594.57000000,146.65876000,2025-02-16 00:59:59.999,14319963.72859170,44252,70.02017000,6836535.82128870
2025-02-16 01:00:00,97594.58000000,97660.38000000,97538.87000000,97643.00000000,128.32038000,2025-02-16 01:59:59.999,12523786.49472090,35341,56.44847000,5508673.34779720
2025-02-16 02:00:00,97643.01000000,97653.30000000,97469.29000000,97524.87000000,306.89676000,2025-02-16 02:59:59.999,29945768.48263250,54699,135.09985000,13182872.16558070
2025-02-16 03:00:00,97524.87000000,97547.17000000,97411.11000000,97547.17000000,353.50903000,2025-02-16 03:59:59.999,34459997.37745690,56958,158.92358000,15491989.74007390
2025-02-16 04:00:00,97547.17000000,97583.49000000,97472.04000000,97530.81000000,212.15882000,2025-02-16 04:59:59.999,20690539.23152380,33759,116.60506000,11371687.26060230
2025-02-16 05:00:00,97530.81000000,97682.04000000,97485.94000000,97603.30000000,142.81440000,2025-02-16 05:59:59.999,13932641.46975730,28493,70.91841000,6918450.93170970
2025-02-16 06:00:00,97603.30000000,97625.63000000,97451.99000000,97487.26000000,175.63311000,2025-02-16 06:59:59.999,17132333.20721510,30776,63.16309000,6162522.91232620
2025-02-16 07:00:00,97487.27000000,97487.27000000,97212.00000000,97248.98000000,215.82070000,2025-02-16 07:59:59.999,21014150.28129420,42410,59.69117000,5812570.69217040
2025-02-16 08:00:00,97248.98000000,97331.42000000,97131.06000000,97163.86000000,297.81595000,2025-02-16 08:59:59.999,28954432.80653370,52756,99.73563000,9697359.88685340
2025-02-16 09:00:00,97163.87000000,97365.74000000,97061.58000000,97365.74000000,271.70559000,2025-02-16 09:59:59.999,26406649.16042350,69957,135.81953000,13201228.46893890
2025-02-16 10:00:00,97365.73000000,97388.89000000,97166.66000000,97180.98000000,225.84623000,2025-02-16 10:59:59.999,21970781.91038530,48669,78.70453000,7655997.64200400
2025-02-16 11:00:00,97180.98000000,97336.03000000,97152.00000000,97336.00000000,391.60188000,2025-02-16 11:59:59.999,38083799.11434300,57097,227.36485000,22112672.91259290
2025-02-16 12:00:00,97335.99000000,97336.00000000,97096.00000000,97125.63000000,349.35885000,2025-02-16 12:59:59.999,33960392.13663930,51596,95.13121000,9247839.26475560
2025-02-16 13:00:00,97125.64000000,97212.43000000,96788.21000000,96842.37000000,697.90050000,2025-02-16 13:59:59.999,67699930.06603560,86427,243.27513000,23607395.96303770
2025-02-16 14:00:00,96842.37000000,97029.90000000,96645.35000000,96969.58000000,530.02677000,2025-02-16 14:59:59.999,51317240.87170030,115501,222.38811000,21535695.83374070
2025-02-16 15:00:00,96969.58000000,97092.35000000,96911.00000000,96911.01000000,305.78814000,2025-02-16 15:59:59.999,29661831.78894160,61437,129.95844000,12605906.35091780
2025-02-16 16:00:00,96911.01000000,97115.00000000,96880.00000000,97052.64000000,239.19143000,2025-02-16 16:59:59.999,23201181.21953910,57517,106.67875000,10347050.23678170
2025-02-16 17:00:00,97052.64000000,97169.15000000,96931.06000000,96982.95000000,229.87909000,2025-02-16 17:59:59.999,22309722.66044280,56898,125.50557000,12179643.81149770
2025-02-16 18:00:00,96982.94000000,97000.00000000,96609.05000000,96872.59000000,410.32977000,2025-02-16 18:59:59.999,39737465.76163610,119591,229.28400000,22206597.92659630
2025-02-16 19:00:00,96872.58000000,97108.18000000,96763.11000000,97058.47000000,308.17023000,2025-02-16 19:59:59.999,29887184.44934900,81769,215.62726000,20913091.49144190
2025-02-16 20:00:00,97058.47000000,97160.74000000,96861.38000000,96909.54000000,304.09755000,2025-02-16 20:59:59.999,29507867.93060020,61335,136.37432000,13232692.95255200
2025-02-16 21:00:00,96909.55000000,97282.38000000,96852.01000000,97165.09000000,315.91771000,2025-02-16 21:59:59.999,30652665.36041620,81227,190.03353000,18441421.79113470
2025-02-16 22:00:00,97165.10000000,97187.18000000,96570.47000000,96865.79000000,334.51883000,2025-02-16 22:59:59.999,32396408.73603650,79837,145.94769000,14135593.18927050
2025-02-16 23:00:00,96865.79000000,96884.89000000,96046.18000000,96118.12000000,1297.46442000,2025-02-16 23:59:59.999,124927508.04875860,188399,607.03228000,58436926.07075180
2025-02-17 00:00:00,96118.12000000,96443.50000000,96023.17000000,96319.22000000,559.72483000,2025-02-17 00:59:59.999,53885155.01125620,135946,308.63094000,29717393.43342750
2025-02-17 01:00:00,96319.22000000,96533.52000000,96060.50000000,96508.63000000,408.53426000,2025-02-17 01:59:59.999,39349829.70084860,102102,224.49760000,21627401.93021310
2025-02-17 02:00:00,96508.63000000,96638.05000000,96156.55000000,96228.98000000,411.70054000,2025-02-17 02:59:59.999,39686742.13405200,75560,244.94032000,23612085.31606950
2025-02-17 03:00:00,96228.97000000,96280.00000000,96032.99000000,96215.33000000,486.61263000,2025-02-17 03:59:59.999,46795051.90262150,52496,272.95249000,26248893.87356190
2025-02-17 04:00:00,96215.32000000,96259.84000000,96013.00000000,96026.01000000,488.42242000,2025-02-17 04:59:59.999,46937308.64738110,55143,204.13297000,19620321.64346810
2025-02-17 05:00:00,96026.01000000,96328.14000000,95800.00000000,96242.66000000,913.03802000,2025-02-17 05:59:59.999,87729691.00414660,139989,417.84947000,40155644.55260540
2025-02-17 06:00:00,96242.67000000,96445.45000000,96208.00000000,96376.77000000,512.87016000,2025-02-17 06:59:59.999,49414098.65251530,72429,218.57780000,21058221.97679170
2025-02-17 07:00:00,96376.78000000,96463.20000000,95900.94000000,96068.22000000,811.65071000,2025-02-17 07:59:59.999,77996688.82034150,91902,306.11450000,29409862.45146470
2025-02-17 08:00:00,96068.21000000,96298.72000000,95937.05000000,96144.03000000,549.74974000,2025-02-17 08:59:59.999,52837866.04806160,107974,258.95544000,24890356.19315590
2025-02-17 09:00:00,96144.03000000,96318.62000000,96076.92000000,96166.26000000,367.32057000,2025-02-17 09:59:59.999,35338981.73614100,80767,170.79390000,16432913.20532700
2025-02-17 10:00:00,96166.26000000,96395.68000000,96050.00000000,96106.17000000,523.65421000,2025-02-17 10:59:59.999,50396688.64389950,109619,260.31178000,25050378.08783690
2025-02-17 11:00:00,96106.18000000,96300.00000000,95990.00000000,96063.18000000,841.85531000,2025-02-17 11:59:59.999,80908607.66083580,92400,408.09733000,39220322.35835270
2025-02-17 12:00:00,96063.17000000,96510.66000000,96059.40000000,96457.76000000,726.17384000,2025-02-17 12:59:59.999,69928747.47615810,106791,405.44366000,39040958.84857480
2025-02-17 13:00:00,96457.75000000,96482.35000000,96253.90000000,96411.95000000,372.70067000,2025-02-17 13:59:59.999,35914469.62647840,71684,193.74377000,18670563.08968690
2025-02-17 14:00:00,96411.96000000,97046.59000000,96400.00000000,96799.99000000,1627.34188000,2025-02-17 14:59:59.999,157501601.54020750,209798,1076.09980000,104170110.53075920
2025-02-17 15:00:00,96800.00000000,96898.90000000,95564.00000000,95659.46000000,1708.38819000,2025-02-17 15:59:59.999,164204933.93350440,255055,648.55320000,62346966.20568900
2025-02-17 16:00:00,95659.45000000,95945.49000000,95303.21000000,95334.75000000,1651.99450000,2025-02-17 16:59:59.999,157879827.27932000,260200,692.07737000,66149751.52380250
2025-02-17 17:00:00,95334.75000000,95725.00000000,95288.00000000,95479.78000000,718.30989000,2025-02-17 17:59:59.999,68602389.07112450,149141,383.98583000,36673969.24837340
2025-02-17 18:00:00,95479.78000000,95770.86000000,95249.74000000,95340.83000000,628.41742000,2025-02-17 18:59:59.999,59970956.41814840,163121,287.25376000,27412918.27057710
2025-02-17 19:00:00,95340.83000000,95596.24000000,95205.00000000,95531.36000000,483.41093000,2025-02-17 19:59:59.999,46102995.58679970,136126,242.93904000,23167996.96690730
2025-02-17 20:00:00,95531.36000000,96267.45000000,95488.90000000,95971.36000000,569.50858000,2025-02-17 20:59:59.999,54624214.52450730,122743,318.24637000,30521747.77114610
2025-02-17 21:00:00,95971.35000000,96413.43000000,95917.51000000,96409.33000000,465.72247000,2025-02-17 21:59:59.999,44775372.78692740,98770,203.03781000,19522989.95268620
2025-02-17 22:00:00,96409.33000000,96413.43000000,95829.63000000,95875.48000000,351.44277000,2025-02-17 22:59:59.999,33769787.22990830,74911,140.20738000,13473184.84388730
2025-02-17 23:00:00,95875.48000000,96009.11000000,95673.02000000,95780.00000000,313.50056000,2025-02-17 23:59:59.999,30041520.74028310,66570,122.97312000,11784124.86183310
2025-02-18 00:00:00,95780.01000000,96058.62000000,95538.01000000,95637.93000000,519.60690000,2025-02-18 00:59:59.999,49755255.30476600,95160,250.08767000,23956566.95468380
2025-02-18 01:00:00,95637.93000000,96300.00000000,95606.46000000,96266.24000000,463.75520000,2025-02-18 01:59:59.999,44534317.31234870,100998,296.99919000,28519884.66286680
2025-02-18 02:00:00,96266.24000000,96322.97000000,96015.00000000,96064.47000000,338.79648000,2025-02-18 02:59:59.999,32583208.76793470,70488,159.17030000,15308814.20533000
2025-02-18 03:00:00,96064.47000000,96290.00000000,96000.00000000,96200.00000000,280.18512000,2025-02-18 03:59:59.999,26953943.18108330,60630,125.52210000,12075153.74170700
2025-02-18 04:00:00,96200.00000000,96300.73000000,95968.10000000,96070.81000000,359.46021000,2025-02-18 04:59:59.999,34575729.39498390,69088,139.97447000,13465647.11765260
2025-02-18 05:00:00,96070.81000000,96110.63000000,95539.14000000,95609.49000000,605.16098000,2025-02-18 05:59:59.999,57962051.87080840,131850,239.44036000,22934841.46098130
2025-02-18 06:00:00,95609.50000000,95641.79000000,95254.12000000,95382.75000000,1410.87424000,2025-02-18 06:59:59.999,134601240.89233320,219640,622.05262000,59345637.15282040
2025-02-18 07:00:00,95382.74000000,95713.19000000,95298.06000000,95456.93000000,800.99003000,2025-02-18 07:59:59.999,76481761.12110480,136145,339.76662000,32448218.42329730
2025-02-18 08:00:00,95456.92000000,95582.11000000,95050.00000000,95238.89000000,971.76662000,2025-02-18 08:59:59.999,92593920.35118630,135621,445.98545000,42493433.91152610
2025-02-18 09:00:00,95238.89000000,95780.50000000,95149.04000000,95775.95000000,719.87581000,2025-02-18 09:59:59.999,68761078.47229210,154834,395.16437000,37743003.36006070
2025-02-18 10:00:00,95775.94000000,95872.17000000,95634.05000000,95742.50000000,370.88341000,2025-02-18 10:59:59.999,35514165.13404090,88735,157.93554000,15123235.88940890
2025-02-18 11:00:00,95742.50000000,95782.10000000,95566.84000000,95640.34000000,420.65539000,2025-02-18 11:59:59.999,40240331.57572740,69775,165.37382000,15818908.34634370
2025-02-18 12:00:00,95640.35000000,96281.05000000,95600.17000000,96194.00000000,733.80088000,2025-02-18 12:59:59.999,70443134.73596790,125776,424.53709000,40758555.29348330
2025-02-18 13:00:00,96194.00000000,96482.91000000,96107.77000000,96230.00000000,963.65132000,2025-02-18 13:59:59.999,92789383.90543460,150574,555.27622000,53473364.35968940
2025-02-18 14:00:00,96230.00000000,96753.91000000,95375.12000000,95536.83000000,1540.36172000,2025-02-18 14:59:59.999,147982802.13270170,342435,686.54305000,65997655.54900180
2025-02-18 15:00:00,95536.83000000,95730.77000000,95200.00000000,95546.48000000,1236.23066000,2025-02-18 15:59:59.999,118035411.19193210,373317,588.15639000,56167619.72883200
2025-02-18 16:00:00,95546.49000000,95633.15000000,94617.45000000,94639.98000000,2070.63374000,2025-02-18 16:59:59.999,196699494.44467960,330695,747.81784000,71042928.55383410
2025-02-18 17:00:00,94639.98000000,94878.74000000,94102.15000000,94102.16000000,1522.90388000,2025-02-18 17:59:59.999,143842014.60407800,281028,669.59984000,63273963.06064120
2025-02-18 18:00:00,94102.16000000,94350.87000000,93600.00000000,93924.03000000,1837.49675000,2025-02-18 18:59:59.999,172613044.98271490,334488,853.64712000,80191671.26269620
2025-02-18 19:00:00,93924.03000000,94403.88000000,93388.09000000,94104.14000000,1415.12054000,2025-02-18 19:59:59.999,132690924.29523550,257052,711.98111000,66775290.72678780
2025-02-18 20:00:00,94104.15000000,94458.40000000,93730.72000000,94196.02000000,1086.13890000,2025-02-18 20:59:59.999,102242322.05616840,217635,577.63764000,54375999.49150730
2025-02-18 21:00:00,94196.77000000,95351.40000000,94118.80000000,95065.46000000,1602.56826000,2025-02-18 21:59:59.999,152160128.21346600,269230,889.27355000,84432809.70714510
2025-02-18 22:00:00,95065.46000000,95534.25000000,94855.67000000,95304.43000000,1040.64682000,2025-02-18 22:59:59.999,99033328.64771150,120333,627.34896000,59705712.54379210
2025-02-18 23:00:00,95304.42000000,95685.00000000,95257.15000000,95671.74000000,1056.63085000,2025-02-18 23:59:59.999,100905810.30330530,98721,763.18235000,72890318.01790080
2025-02-19 00:00:00,95671.74000000,95849.06000000,95279.94000000,95330.15000000,904.11812000,2025-02-19 00:59:59.999,86440360.18069880,126145,483.90205000,46276784.61535130
2025-02-19 01:00:00,95330.15000000,95480.00000000,95055.00000000,95479.99000000,488.98003000,2025-02-19 01:59:59.999,46577226.67744930,123254,252.97053000,24100965.24120330
2025-02-19 02:00:00,95480.00000000,95961.54000000,95458.03000000,95831.76000000,399.44242000,2025-02-19 02:59:59.999,38214856.03125560,120483,179.37262000,17163449.07961410
2025-02-19 03:00:00,95831.76000000,95837.82000000,95565.57000000,95710.26000000,366.08760000,2025-02-19 03:59:59.999,35041196.35335250,62400,124.93885000,11959127.19052480
2025-02-19 04:00:00,95710.25000000,95768.95000000,95213.85000000,95213.85000000,432.62013000,2025-02-19 04:59:59.999,41315331.36114390,71781,109.87048000,10496256.95123660
2025-02-19 05:00:00,95213.84000000,95340.05000000,95029.99000000,95289.33000000,2130.11933000,2025-02-19 05:59:59.999,202722288.23240630,155579,547.21198000,52074488.77849260
2025-02-19 06:00:00,95289.34000000,95652.00000000,95249.65000000,95616.31000000,436.36604000,2025-02-19 06:59:59.999,41637852.59553550,62437,236.13412000,22533038.14290220
2025-02-19 07:00:00,95616.31000000,95846.15000000,95588.00000000,95687.71000000,442.08407000,2025-02-19 07:59:59.999,42314285.20275860,66842,224.43021000,21481590.79022070
2025-02-19 08:00:00,95687.71000000,95866.00000000,95616.60000000,95629.99000000,345.76152000,2025-02-19 08:59:59.999,33112281.66857640,56156,166.96642000,15988842.16155250
2025-02-19 09:00:00,95629.99000000,96024.25000000,95629.70000000,95937.40000000,642.82945000,2025-02-19 09:59:59.999,61599314.30517120,73946,194.54960000,18647286.63112310
2025-02-19 10:00:00,95937.40000000,96468.99000000,95937.39000000,96330.32000000,966.08574000,2025-02-19 10:59:59.999,93039615.59818410,127796,462.54410000,44544558.77453790
2025-02-19 11:00:00,96330.31000000,96423.08000000,96205.40000000,96422.60000000,457.23042000,2025-02-19 11:59:59.999,44036566.88405950,57295,199.22945000,19191357.20807890
2025-02-19 12:00:00,96422.60000000,96495.00000000,96138.40000000,96166.44000000,530.93187000,2025-02-19 12:59:59.999,51151790.53800830,64820,177.74998000,17130472.72623690
2025-02-19 13:00:00,96166.45000000,96481.60000000,96166.44000000,96277.54000000,657.87540000,2025-02-19 13:59:59.999,63346581.91016810,80124,251.81807000,24245439.22652830
2025-02-19 14:00:00,96277.54000000,96700.00000000,95692.00000000,95766.33000000,1149.73460000,2025-02-19 14:59:59.999,110653731.22590530,266496,485.66415000,46758975.05333770
2025-02-19 15:00:00,95766.33000000,96405.45000000,95536.36000000,95943.74000000,1211.59966000,2025-02-19 15:59:59.999,116314785.96534900,327146,525.18521000,50432525.97965710
2025-02-19 16:00:00,95943.74000000,96375.39000000,95930.54000000,96300.00000000,731.71551000,2025-02-19 16:59:59.999,70390701.52206690,165795,430.62669000,41426985.94341940
2025-02-19 17:00:00,96300.00000000,96480.00000000,96122.00000000,96389.57000000,505.12119000,2025-02-19 17:59:59.999,48674682.22144810,97613,267.23525000,25752769.88394410
2025-02-19 18:00:00,96389.57000000,96414.72000000,95640.03000000,95670.54000000,605.05322000,2025-02-19 18:59:59.999,58062035.68154660,124941,273.01437000,26202078.79529730
2025-02-19 19:00:00,95670.53000000,96242.80000000,95407.41000000,96206.54000000,921.93012000,2025-02-19 19:59:59.999,88392631.29320290,191335,419.31353000,40219805.47501380
2025-02-19 20:00:00,96206.54000000,96479.99000000,96101.89000000,96180.72000000,801.25950000,2025-02-19 20:59:59.999,77182233.21680680,156190,444.83820000,42846942.00272410
2025-02-19 21:00:00,96180.72000000,96490.37000000,96058.38000000,96315.64000000,436.68390000,2025-02-19 21:59:59.999,42062160.18907120,65281,237.89564000,22912226.89650680
2025-02-19 22:00:00,96315.65000000,96621.86000000,96305.35000000,96539.85000000,330.61374000,2025-02-19 22:59:59.999,31897445.08776020,56979,186.10209000,17954290.81717360
2025-02-19 23:00:00,96539.84000000,96899.99000000,96522.55000000,96644.37000000,544.26596000,2025-02-19 23:59:59.999,52637618.16132540,83391,292.05448000,28246661.61124880
2025-02-20 00:00:00,96644.37000000,96853.99000000,96415.09000000,96853.98000000,361.82303000,2025-02-20 00:59:59.999,34950761.24705380,69310,178.63929000,17259418.56053890
2025-02-20 01:00:00,96853.98000000,97000.00000000,96627.09000000,96767.67000000,564.83079000,2025-02-20 01:59:59.999,54656699.17226040,97817,235.60202000,22804439.39009610
2025-02-20 02:00:00,96767.67000000,97275.54000000,96739.48000000,97134.52000000,975.14038000,2025-02-20 02:59:59.999,94534791.47183230,90684,590.45482000,57250262.02768230
2025-02-20 03:00:00,97134.52000000,97362.83000000,96979.29000000,97055.25000000,821.46063000,2025-02-20 03:59:59.999,79792879.42630300,83618,281.30895000,27329587.53328370
2025-02-20 04:00:00,97055.24000000,97339.11000000,97034.59000000,97224.46000000,848.42996000,2025-02-20 04:59:59.999,82456233.37430890,74667,390.67001000,37962333.70088480
2025-02-20 05:00:00,97224.46000000,97224.46000000,96891.47000000,96909.99000000,667.47648000,2025-02-20 05:59:59.999,64809472.81595190,57683,232.90168000,22613443.86982850
2025-02-20 06:00:00,96909.99000000,96999.30000000,96781.57000000,96907.99000000,494.40390000,2025-02-20 06:59:59.999,47908557.91672150,50460,212.79190000,20623292.62916360
2025-02-20 07:00:00,96908.00000000,97088.87000000,96804.00000000,96867.92000000,330.86128000,2025-02-20 07:59:59.999,32076818.76959170,45084,168.43998000,16330831.55631190
2025-02-20 08:00:00,96867.92000000,97197.74000000,96801.61000000,97150.01000000,395.65532000,2025-02-20 08:59:59.999,38373930.44279230,45824,217.91529000,21135768.60877280
2025-02-20 09:00:00,97150.01000000,97284.00000000,97150.00000000,97184.63000000,437.65289000,2025-02-20 09:59:59.999,42543477.07428120,50274,229.47800000,22306720.18256690
2025-02-20 10:00:00,97184.63000000,97374.00000000,97095.75000000,97373.98000000,380.16934000,2025-02-20 10:59:59.999,36959011.57329720,50560,193.15253000,18780302.64166710
2025-02-20 11:00:00,97373.98000000,97384.03000000,97156.19000000,97207.92000000,376.29918000,2025-02-20 11:59:59.999,36602660.29616510,52792,184.62544000,17957662.62371530
2025-02-20 12:00:00,97207.93000000,97549.88000000,97207.92000000,97428.36000000,625.06274000,2025-02-20 12:59:59.999,60906913.38246410,81012,368.78900000,35935664.67267460
2025-02-20 13:00:00,97428.37000000,97566.26000000,97268.51000000,97562.19000000,579.18384000,2025-02-20 13:59:59.999,56430074.94812870,91576,279.84962000,27271290.91947610
2025-02-20 14:00:00,97562.20000000,98062.15000000,96877.51000000,96966.91000000,1978.87773000,2025-02-20 14:59:59.999,193248963.29519350,275049,1073.50167000,104880545.09458250
2025-02-20 15:00:00,96966.92000000,97326.07000000,96799.42000000,96903.77000000,1218.04897000,2025-02-20 15:59:59.999,118214168.79021110,245145,519.95582000,50458274.17185510
2025-02-20 16:00:00,96903.76000000,97968.00000000,96888.00000000,97550.73000000,1157.08865000,2025-02-20 16:59:59.999,112873209.14758320,212476,628.07379000,61241696.21188960
2025-02-20 17:00:00,97550.73000000,97999.99000000,97541.40000000,97954.95000000,675.22698000,2025-02-20 17:59:59.999,66071424.73865680,104918,319.27219000,31240048.75096990
2025-02-20 18:00:00,97954.95000000,98436.00000000,97943.34000000,98295.08000000,1292.67668000,2025-02-20 18:59:59.999,126982657.73052020,144385,676.69332000,66464998.24026750
2025-02-20 19:00:00,98295.09000000,98518.00000000,98241.99000000,98422.80000000,694.65442000,2025-02-20 19:59:59.999,68356069.06899050,99603,315.10140000,31011362.22529150
2025-02-20 20:00:00,98422.80000000,98711.36000000,98313.73000000,98453.61000000,835.26935000,2025-02-20 20:59:59.999,82296674.10926830,124211,460.49085000,45373176.88446320
2025-02-20 21:00:00,98453.61000000,98498.43000000,98000.00000000,98089.46000000,623.55744000,2025-02-20 21:59:59.999,61235807.14535170,84965,206.77822000,20311721.87663330
2025-02-20 22:00:00,98089.45000000,98371.66000000,98062.08000000,98134.95000000,336.52181000,2025-02-20 22:59:59.999,33040934.27679550,67661,193.31396000,18978902.87804760
2025-02-20 23:00:00,98134.95000000,98510.89000000,98115.00000000,98305.00000000,387.01998000,2025-02-20 23:59:59.999,38064634.51782770,87199,198.62884000,19534868.92316420
2025-02-21 00:00:00,98305.01000000,98505.00000000,98084.06000000,98236.32000000,519.87416000,2025-02-21 00:59:59.999,51115778.06053700,84618,243.03647000,23899981.86142360
2025-02-21 01:00:00,98236.32000000,98350.00000000,98113.20000000,98312.00000000,439.00436000,2025-02-21 01:59:59.999,43126969.29599640,70537,195.70472000,19225565.91253410
2025-02-21 02:00:00,98312.00000000,98373.72000000,98111.11000000,98111.12000000,663.00593000,2025-02-21 02:59:59.999,65157618.77509870,84057,238.90186000,23478236.71481360
2025-02-21 03:00:00,98111.13000000,98298.26000000,98085.15000000,98141.99000000,681.75535000,2025-02-21 03:59:59.999,66915219.86224700,59185,232.67047000,22835715.97266540
2025-02-21 04:00:00,98141.99000000,98271.15000000,98117.73000000,98204.01000000,473.82511000,2025-02-21 04:59:59.999,46532677.56703760,50780,174.84564000,17171236.99944560
2025-02-21 05:00:00,98204.02000000,98389.31000000,98156.94000000,98333.58000000,529.58796000,2025-02-21 05:59:59.999,52050905.10178910,56717,262.21616000,25772905.16259520
2025-02-21 06:00:00,98333.59000000,98421.35000000,98292.63000000,98409.99000000,351.55104000,2025-02-21 06:59:59.999,34585509.30015400,46341,191.60105000,18849520.01540310
2025-02-21 07:00:00,98410.00000000,98610.17000000,98172.00000000,98179.76000000,701.51737000,2025-02-21 07:59:59.999,69042913.37760840,59127,353.41065000,34805830.28751100
2025-02-21 08:00:00,98179.77000000,98261.91000000,98150.00000000,98213.41000000,369.05095000,2025-02-21 08:59:59.999,36238899.25807040,53892,143.70020000,14111427.76941930
2025-02-21 09:00:00,98213.41000000,98896.81000000,98111.11000000,98337.70000000,1333.69974000,2025-02-21 09:59:59.999,131337034.38903710,178147,703.16027000,69243488.14347380
2025-02-21 10:00:00,98337.70000000,98679.83000000,98240.63000000,98612.00000000,708.61090000,2025-02-21 10:59:59.999,69776740.51602790,82452,431.37118000,42474626.47375650
2025-02-21 11:00:00,98612.00000000,98833.11000000,98490.57000000,98629.30000000,1059.33669000,2025-02-21 11:59:59.999,104521717.22816250,112962,642.09511000,63354353.70910820
2025-02-21 12:00:00,98629.31000000,98957.93000000,98531.29000000,98904.00000000,884.67204000,2025-02-21 12:59:59.999,87383682.58635730,119029,453.14051000,44774780.72370090
2025-02-21 13:00:00,98903.99000000,99475.00000000,98800.00000000,99334.93000000,1714.51363000,2025-02-21 13:59:59.999,170150394.71730190,254504,1009.87000000,100205054.84717220
2025-02-21 14:00:00,99334.92000000,99380.17000000,98345.69000000,98777.77000000,1637.06895000,2025-02-21 14:59:59.999,161782187.21222710,341037,755.71440000,74672589.32525980
2025-02-21 15:00:00,98777.78000000,99333.34000000,97177.31000000,98104.04000000,4683.56662000,2025-02-21 15:59:59.999,459112770.20752970,652972,2030.61656000,199080601.52432380
2025-02-21 16:00:00,98104.04000000,98757.00000000,97709.92000000,98215.81000000,2505.67226000,2025-02-21 16:59:59.999,246327991.19325230,373642,1281.40469000,125977445.85418450
2025-02-21 17:00:00,98215.81000000,98430.58000000,96832.01000000,96971.90000000,2514.76545000,2025-02-21 17:59:59.999,245194482.90853010,324026,1051.37507000,102461521.28913450
2025-02-21 18:00:00,96971.91000000,97223.40000000,96515.49000000,96543.52000000,1909.78074000,2025-02-21 18:59:59.999,185021743.27361120,333376,799.57626000,77466315.30408030
2025-02-21 19:00:00,96543.52000000,96829.00000000,95247.15000000,95285.11000000,2511.89738000,2025-02-21 19:59:59.999,240946856.23331760,407479,1037.87071000,99573563.75676160
2025-02-21 20:00:00,95285.11000000,95671.90000000,94871.95000000,95066.25000000,3052.23437000,2025-02-21 20:59:59.999,290758727.77694150,333199,1377.78433000,131288595.20531890
2025-02-21 21:00:00,95066.24000000,95480.00000000,95006.13000000,95395.03000000,1568.74037000,2025-02-21 21:59:59.999,149417955.23502780,219159,892.67897000,85032967.73066450
2025-02-21 22:00:00,95395.03000000,95930.60000000,95245.49000000,95823.53000000,839.00621000,2025-02-21 22:59:59.999,80221783.12578970,133272,495.68800000,47399352.55277600
2025-02-21 23:00:00,95823.53000000,96202.68000000,95666.88000000,96181.98000000,596.54382000,2025-02-21 23:59:59.999,57255360.37181190,98015,315.14856000,30247969.71277630
2025-02-22 00:00:00,96181.99000000,96214.59000000,95770.49000000,96185.90000000,768.47820000,2025-02-22 00:59:59.999,73772255.09646780,98202,372.43517000,35762652.69881050
2025-02-22 01:00:00,96185.91000000,96451.15000000,96123.72000000,96233.20000000,648.88943000,2025-02-22 01:59:59.999,62469695.69093930,71914,311.87433000,30028561.56502100
2025-02-22 02:00:00,96233.20000000,96455.97000000,96107.00000000,96343.22000000,535.98292000,2025-02-22 02:59:59.999,51614035.81042550,63667,240.67940000,23178732.54486190
2025-02-22 03:00:00,96343.22000000,96358.00000000,96156.53000000,96299.07000000,294.62585000,2025-02-22 03:59:59.999,28361691.20155930,54671,129.30406000,12447345.82979470
2025-02-22 04:00:00,96299.08000000,96470.59000000,96273.85000000,96387.36000000,379.90865000,2025-02-22 04:59:59.999,36620576.26303620,68548,154.71766000,14912463.10827970
2025-02-22 05:00:00,96387.36000000,96530.00000000,96312.00000000,96509.83000000,276.29303000,2025-02-22 05:59:59.999,26648935.07567340,44133,129.69089000,12509913.97057100
2025-02-22 06:00:00,96509.83000000,96578.99000000,96327.12000000,96395.18000000,421.81388000,2025-02-22 06:59:59.999,40677596.04477880,51518,236.87538000,22840986.72725650
2025-02-22 07:00:00,96395.19000000,96511.93000000,96288.09000000,96288.09000000,316.89443000,2025-02-22 07:59:59.999,30561057.54326200,52633,126.15921000,12168722.80506620
2025-02-22 08:00:00,96288.09000000,96348.60000000,96159.01000000,96219.80000000,439.13440000,2025-02-22 08:59:59.999,42256364.01334420,59781,159.47874000,15346365.63505190
2025-02-22 09:00:00,96219.81000000,96529.79000000,96151.00000000,96493.95000000,763.64740000,2025-02-22 09:59:59.999,73572172.76866420,77734,378.18489000,36444397.53105300
2025-02-22 10:00:00,96493.96000000,96583.70000000,96437.24000000,96500.16000000,488.18431000,2025-02-22 10:59:59.999,47120736.37810550,78543,259.23822000,25022696.42299000
2025-02-22 11:00:00,96500.17000000,96611.53000000,96500.16000000,96580.00000000,368.66866000,2025-02-22 11:59:59.999,35597028.63937780,50251,208.36183000,20118618.53584320
2025-02-22 12:00:00,96580.00000000,96980.00000000,96575.00000000,96823.94000000,584.35002000,2025-02-22 12:59:59.999,56540228.86681540,81122,313.39298000,30328266.04009820
2025-02-22 13:00:00,96823.94000000,96916.83000000,96523.98000000,96566.03000000,506.64162000,2025-02-22 13:59:59.999,49005784.39760110,91426,156.33893000,15125132.66770500
2025-02-22 14:00:00,96566.04000000,96716.71000000,96498.27000000,96535.90000000,599.34114000,2025-02-22 14:59:59.999,57895811.39813630,58033,257.38911000,24864086.78864680
2025-02-22 15:00:00,96535.91000000,96708.43000000,96485.37000000,96592.00000000,600.52191000,2025-02-22 15:59:59.999,58004445.70985080,64094,280.55412000,27099052.09700290
2025-02-22 16:00:00,96592.01000000,96811.03000000,96455.00000000,96504.01000000,677.72506000,2025-02-22 16:59:59.999,65527040.74987700,103095,299.81911000,28993452.09399790
2025-02-22 17:00:00,96504.01000000,96685.99000000,96476.00000000,96639.38000000,477.95750000,2025-02-22 17:59:59.999,46166884.67012640,59153,329.31334000,31809929.51188610
2025-02-22 18:00:00,96639.39000000,96823.53000000,96415.09000000,96449.99000000,543.04760000,2025-02-22 18:59:59.999,52495335.31045170,58768,237.48017000,22961638.32103020
2025-02-22 19:00:00,96449.98000000,96645.00000000,96345.49000000,96639.99000000,607.21529000,2025-02-22 19:59:59.999,58578231.66036610,57429,185.87326000,17937227.40419450
2025-02-22 20:00:00,96640.00000000,96645.00000000,96508.00000000,96578.01000000,231.41537000,2025-02-22 20:59:59.999,22350869.19115730,40622,108.56288000,10485485.62103850
2025-02-22 21:00:00,96578.01000000,96677.69000000,96527.20000000,96658.57000000,257.60903000,2025-02-22 21:59:59.999,24883043.92485710,36393,183.56446000,17732481.93771330
2025-02-22 22:00:00,96658.57000000,96700.00000000,96603.77000000,96634.06000000,206.03183000,2025-02-22 22:59:59.999,19912658.18795420,30579,86.74219000,8382985.65925670
2025-02-22 23:00:00,96634.06000000,96658.40000000,96472.22000000,96551.01000000,273.79955000,2025-02-22 23:59:59.999,26444655.22980900,54109,147.25018000,14221699.65037290
2025-02-23 00:00:00,96551.01000000,96650.00000000,96492.00000000,96643.46000000,317.52544000,2025-02-23 00:59:59.999,30657837.35439030,49423,151.65549000,14642255.49307460
2025-02-23 01:00:00,96643.47000000,96643.47000000,96355.17000000,96452.83000000,372.84935000,2025-02-23 01:59:59.999,35971152.32482950,36578,89.33083000,8618160.62897750
2025-02-23 02:00:00,96452.83000000,96500.00000000,96387.24000000,96410.27000000,302.49628000,2025-02-23 02:59:59.999,29171657.42203370,38119,133.65971000,12888724.76705940
2025-02-23 03:00:00,96410.28000000,96566.04000000,96371.95000000,96414.00000000,333.76565000,2025-02-23 03:59:59.999,32201897.56111230,56022,115.57433000,11150554.03066680
2025-02-23 04:00:00,96414.00000000,96520.00000000,96377.35000000,96395.88000000,214.54975000,2025-02-23 04:59:59.999,20687849.00395170,39814,88.34902000,8519844.76137180
2025-02-23 05:00:00,96395.88000000,96406.45000000,96194.65000000,96208.62000000,399.58071000,2025-02-23 05:59:59.999,38479500.32945940,43477,124.86016000,12023536.86464760
2025-02-23 06:00:00,96208.63000000,96352.95000000,96143.99000000,96342.91000000,280.52995000,2025-02-23 06:59:59.999,27001662.50372970,43804,151.43863000,14577547.11539970
2025-02-23 07:00:00,96342.92000000,96558.01000000,96298.37000000,96508.85000000,350.86348000,2025-02-23 07:59:59.999,33835203.29185740,54277,176.58380000,17028924.66871670
2025-02-23 08:00:00,96508.85000000,96508.86000000,96308.00000000,96364.32000000,215.88877000,2025-02-23 08:59:59.999,20806068.32758090,41105,108.02020000,10410213.64520400
2025-02-23 09:00:00,96364.32000000,96470.59000000,96255.61000000,96286.02000000,332.26349000,2025-02-23 09:59:59.999,32004631.99222860,45055,188.96931000,18202544.96204050
2025-02-23 10:00:00,96286.02000000,96298.87000000,96083.33000000,96193.88000000,346.00256000,2025-02-23 10:59:59.999,33276581.52679960,41396,165.48397000,15916275.45305030
2025-02-23 11:00:00,96193.89000000,96245.99000000,96085.70000000,96115.99000000,329.09804000,2025-02-23 11:59:59.999,31650222.75689820,40471,162.08586000,15588919.45178740
2025-02-23 12:00:00,96115.99000000,96158.50000000,95657.05000000,95732.93000000,768.22512000,2025-02-23 12:59:59.999,73626132.47452900,91843,244.04969000,23383530.78524090
2025-02-23 13:00:00,95732.94000000,95979.65000000,95721.33000000,95977.96000000,628.74852000,2025-02-23 13:59:59.999,60264224.30699060,128246,256.37586000,24575277.35725750
2025-02-23 14:00:00,95977.96000000,96049.44000000,95544.00000000,95593.89000000,586.69558000,2025-02-23 14:59:59.999,56232905.76104380,84566,227.04109000,21773205.05783690
2025-02-23 15:00:00,95593.88000000,95731.73000000,95414.25000000,95436.18000000,769.27792000,2025-02-23 15:59:59.999,73518094.62852050,99241,264.88611000,25321182.60659370
2025-02-23 16:00:00,95436.19000000,95624.31000000,95420.50000000,95420.50000000,621.06610000,2025-02-23 16:59:59.999,59326634.73186870,69667,193.05149000,18441852.85782090
2025-02-23 17:00:00,95420.51000000,95750.00000000,95227.94000000,95656.78000000,961.97983000,2025-02-23 17:59:59.999,91843462.53333760,97290,401.23517000,38318200.73769650
2025-02-23 18:00:00,95656.78000000,95876.00000000,95622.65000000,95740.00000000,745.89738000,2025-02-23 18:59:59.999,71395177.95045790,69271,301.79136000,28885109.50061630
2025-02-23 19:00:00,95739.99000000,95849.12000000,95702.08000000,95755.99000000,317.09421000,2025-02-23 19:59:59.999,30370306.52449990,34747,110.97431000,10628903.41146770
2025-02-23 20:00:00,95756.00000000,95811.44000000,95680.00000000,95777.70000000,123.97647000,2025-02-23 20:59:59.999,11869124.23437990,24952,54.92707000,5258637.18169330
2025-02-23 21:00:00,95777.71000000,95777.71000000,95637.45000000,95755.25000000,218.63363000,2025-02-23 21:59:59.999,20921577.57462750,26772,134.10701000,12832158.97242250
2025-02-23 22:00:00,95755.25000000,95940.83000000,95522.78000000,95787.13000000,515.65844000,2025-02-23 22:59:59.999,49340939.61392510,46822,280.34369000,26824330.01277720
2025-02-23 23:00:00,95787.14000000,96332.44000000,95774.60000000,96258.00000000,832.18246000,2025-02-23 23:59:59.999,79939167.06197230,154410,495.13851000,47572094.08760580
2025-02-24 00:00:00,96258.00000000,96500.00000000,96157.42000000,96247.35000000,788.41339000,2025-02-24 00:59:59.999,75965676.55780000,109478,458.37653000,44169436.91605280
2025-02-24 01:00:00,96247.36000000,96339.63000000,95763.43000000,95971.24000000,552.50951000,2025-02-24 01:59:59.999,53046665.47359210,125269,211.26888000,20289307.18854440
2025-02-24 02:00:00,95971.25000000,96200.00000000,95752.68000000,95829.35000000,463.98693000,2025-02-24 02:59:59.999,44525502.05565400,120889,204.27803000,19605374.16214620
2025-02-24 03:00:00,95829.36000000,95829.36000000,95311.00000000,95433.21000000,836.49275000,2025-02-24 03:59:59.999,79967942.27750730,153817,353.12646000,33762949.97524700
2025-02-24 04:00:00,95433.21000000,95597.02000000,95078.01000000,95298.00000000,1274.41220000,2025-02-24 04:59:59.999,121491522.29052830,169541,670.72450000,63954857.52044940
2025-02-24 05:00:00,95298.00000000,95764.99000000,95240.01000000,95727.39000000,692.75876000,2025-02-24 05:59:59.999,66172934.44242370,89402,391.67492000,37419417.15231890
2025-02-24 06:00:00,95727.39000000,95896.00000000,95609.78000000,95864.31000000,449.42534000,2025-02-24 06:59:59.999,43029847.90030370,68230,232.69005000,22280747.61897740
2025-02-24 07:00:00,95864.31000000,95945.00000000,95696.00000000,95872.02000000,661.05123000,2025-02-24 07:59:59.999,63347366.49626330,74806,339.24148000,32516527.66493920
2025-02-24 08:00:00,95872.02000000,95945.00000000,95375.89000000,95509.49000000,891.90784000,2025-02-24 08:59:59.999,85266014.03707770,107622,415.51168000,39739934.27412540
2025-02-24 09:00:00,95509.50000000,96177.18000000,95499.94000000,95765.76000000,932.58562000,2025-02-24 09:59:59.999,89395590.77547980,121664,547.10777000,52462617.73250160
2025-02-24 10:00:00,95765.76000000,95915.97000000,95355.00000000,95631.66000000,915.45093000,2025-02-24 10:59:59.999,87515331.93806180,138928,390.28345000,37319768.89392660
2025-02-24 11:00:00,95631.66000000,95860.00000000,95411.01000000,95821.45000000,544.13545000,2025-02-24 11:59:59.999,52047845.06522370,94542,291.67057000,27899917.33946360
2025-02-24 12:00:00,95821.45000000,95946.61000000,95679.74000000,95798.46000000,464.81304000,2025-02-24 12:59:59.999,44540092.62261750,81647,267.42613000,25626102.92823560
2025-02-24 13:00:00,95798.46000000,95853.99000000,95594.91000000,95605.39000000,66.49033000,2025-02-24 13:59:59.999,6364323.20061910,8688,17.51916000,1676731.70639250
