Open Time,Open,High,Low,Close,Volume
2025-01-01 00:00:00,193.9,197.2,193.7,197.0,127.173
2025-01-01 01:00:00,197.1,197.1,194.9,195.5,108.94200000000001
2025-01-01 02:00:00,195.5,196.5,195.1,196.2,123.743
2025-01-01 03:00:00,196.2,196.2,194.6,194.8,152.573
2025-01-01 04:00:00,194.8,194.8,193.8,194.0,94.171
2025-01-01 05:00:00,193.8,195.1,193.8,194.7,36.425
2025-01-01 06:00:00,194.5,194.8,194.0,194.7,124.733
2025-01-01 07:00:00,194.8,194.8,194.2,194.6,64.813
2025-01-01 08:00:00,194.6,195.2,193.7,194.0,269.94
2025-01-01 09:00:00,193.9,194.2,192.4,193.5,193.88400000000001
2025-01-01 10:00:00,193.8,195.5,193.7,194.6,155.546
2025-01-01 11:00:00,194.6,196.3,194.3,195.9,92.18599999999999
2025-01-01 12:00:00,195.9,196.3,195.0,195.6,96.205
2025-01-01 13:00:00,195.3,195.9,194.1,194.9,309.44100000000003
2025-01-01 14:00:00,194.8,196.0,193.6,195.4,428.29
2025-01-01 15:00:00,195.6,196.5,194.6,196.4,1344.984
2025-01-01 16:00:00,196.4,196.6,194.6,195.2,376.524
2025-01-01 17:00:00,195.1,195.1,193.8,195.0,405.408
2025-01-01 18:00:00,195.0,196.6,194.3,196.1,155.624
2025-01-01 19:00:00,196.1,198.5,196.0,197.9,293.75300000000004
2025-01-01 20:00:00,197.9,199.2,197.8,198.9,677.925
2025-01-01 21:00:00,199.1,200.0,198.4,199.1,227.22
2025-01-01 22:00:00,199.6,199.6,198.3,199.2,261.524
2025-01-01 23:00:00,199.3,199.7,198.5,198.9,311.732
2025-01-02 00:00:00,199.3,201.8,198.0,201.0,2388.414
2025-01-02 01:00:00,201.4,203.1,200.9,202.4,1661.046
2025-01-02 02:00:00,202.4,204.2,202.3,204.1,807.8100000000001
2025-01-02 03:00:00,204.3,204.5,202.4,203.4,927.314
2025-01-02 04:00:00,203.4,209.9,203.3,209.2,1039.971
2025-01-02 05:00:00,209.3,210.4,208.2,209.4,1644.134
2025-01-02 06:00:00,209.5,210.8,208.7,210.4,992.549
2025-01-02 07:00:00,210.4,211.8,210.2,210.6,469.692
2025-01-02 08:00:00,210.6,212.3,210.4,211.8,527.928
2025-01-02 09:00:00,211.8,212.8,211.2,212.4,318.035
2025-01-02 10:00:00,212.5,212.5,211.5,211.7,375.429
2025-01-02 11:00:00,211.8,213.7,211.7,213.6,623.091
2025-01-02 12:00:00,213.4,214.4,212.4,213.2,374.63
2025-01-02 13:00:00,213.2,213.4,212.4,212.8,914.669
2025-01-02 14:00:00,212.9,215.4,211.5,213.1,1233.171
2025-01-02 15:00:00,213.3,213.3,210.3,211.4,726.624
2025-01-02 16:00:00,211.4,213.6,210.9,212.0,621.758
2025-01-02 17:00:00,211.9,212.8,209.3,211.0,643.696
2025-01-02 18:00:00,211.0,211.6,209.6,211.1,330.117
2025-01-02 19:00:00,211.2,212.6,210.9,211.2,133.592
2025-01-02 20:00:00,211.4,212.9,211.4,211.8,100.73
2025-01-02 21:00:00,211.7,211.8,210.3,211.2,243.295
2025-01-02 22:00:00,211.3,211.6,209.9,211.4,159.88
2025-01-02 23:00:00,211.3,213.1,211.3,212.9,345.47700000000003
2025-01-03 00:00:00,213.1,213.1,211.9,212.1,94.31099999999999
2025-01-03 01:00:00,212.1,212.1,210.4,211.6,83.44200000000001
2025-01-03 02:00:00,211.6,212.9,211.1,211.6,135.341
2025-01-03 03:00:00,211.6,212.9,210.9,212.9,284.89
2025-01-03 04:00:00,212.8,213.2,211.9,212.8,3231.578
2025-01-03 05:00:00,212.8,214.3,212.1,213.7,394.932
2025-01-03 06:00:00,213.8,214.8,212.6,212.6,340.79699999999997
2025-01-03 07:00:00,212.8,213.5,212.0,212.7,423.696
2025-01-03 08:00:00,212.8,214.8,212.5,214.3,300.27
2025-01-03 09:00:00,214.4,218.0,214.0,216.2,517.19
2025-01-03 10:00:00,215.9,216.7,215.2,216.2,765.907
2025-01-03 11:00:00,216.1,220.6,216.0,219.7,1850.128
2025-01-03 12:00:00,219.5,219.8,218.1,218.4,1394.591
2025-01-03 13:00:00,218.5,219.0,217.3,217.9,268.644
2025-01-03 14:00:00,218.0,223.7,217.8,223.0,2998.848
2025-01-03 15:00:00,223.1,223.3,221.5,222.2,1712.268
2025-01-03 16:00:00,222.3,224.7,221.5,222.9,1644.61
2025-01-03 17:00:00,222.8,223.2,221.8,222.2,242.203
2025-01-03 18:00:00,222.2,223.4,222.1,223.1,210.859
2025-01-03 19:00:00,222.9,223.4,221.6,222.0,314.46000000000004
2025-01-03 20:00:00,221.8,221.9,220.8,221.0,190.012
2025-01-03 21:00:00,221.0,222.1,220.9,221.2,400.534
2025-01-03 22:00:00,221.2,222.2,221.1,222.1,166.975
2025-01-03 23:00:00,221.9,223.2,221.9,223.2,144.755
2025-01-04 00:00:00,223.1,223.1,221.6,222.0,120.992
2025-01-04 01:00:00,222.1,222.8,221.1,222.7,181.871
2025-01-04 02:00:00,222.3,223.0,221.1,222.3,145.174
2025-01-04 03:00:00,222.3,222.7,220.8,221.7,305.002
2025-01-04 04:00:00,221.7,221.9,220.5,221.8,99.091
2025-01-04 05:00:00,221.8,222.7,220.6,222.4,7024.126
2025-01-04 06:00:00,222.3,223.0,222.0,222.9,2434.391
2025-01-04 07:00:00,222.9,223.0,221.4,221.7,837.825
2025-01-04 08:00:00,221.6,221.8,220.3,220.7,215.38400000000001
2025-01-04 09:00:00,220.7,221.9,220.5,220.9,252.635
2025-01-04 10:00:00,220.9,221.0,219.5,221.0,152.547
2025-01-04 11:00:00,220.7,221.5,220.4,221.5,111.071
2025-01-04 12:00:00,221.4,222.3,221.1,222.3,757.249
2025-01-04 13:00:00,222.1,222.6,221.7,222.3,281.277
2025-01-04 14:00:00,222.2,222.2,220.6,220.9,163.428
2025-01-04 15:00:00,221.0,221.6,218.3,219.3,631.6510000000001
2025-01-04 16:00:00,219.2,219.9,218.5,219.4,284.089
2025-01-04 17:00:00,219.4,220.6,219.2,220.6,184.119
2025-01-04 18:00:00,220.6,221.0,220.1,220.5,145.034
2025-01-04 19:00:00,220.3,220.8,220.0,220.6,144.34
2025-01-04 20:00:00,220.6,221.6,220.3,221.3,72.932
2025-01-04 21:00:00,221.5,221.7,220.8,220.9,66.811
2025-01-04 22:00:00,221.1,222.0,220.6,222.0,131.442
2025-01-04 23:00:00,222.1,222.2,221.5,221.6,133.785
2025-01-05 00:00:00,221.7,222.9,221.4,222.1,376.641
2025-01-05 01:00:00,222.0,222.3,220.5,220.7,103.35000000000001
2025-01-05 02:00:00,220.7,222.5,220.6,222.1,218.375
2025-01-05 03:00:00,222.1,224.0,221.8,223.0,701.6850000000001
2025-01-05 04:00:00,223.4,224.1,223.2,223.2,135.236
2025-01-05 05:00:00,223.1,223.1,221.4,221.8,568.8340000000001
2025-01-05 06:00:00,221.7,222.1,221.4,221.7,569.706
2025-01-05 07:00:00,221.7,221.9,221.2,221.4,272.377
2025-01-05 08:00:00,221.4,221.7,219.6,220.2,1908.153
2025-01-05 09:00:00,220.2,220.3,217.8,218.2,3590.198
2025-01-05 10:00:00,218.3,219.0,217.9,219.0,3150.455
2025-01-05 11:00:00,218.9,219.5,218.6,218.8,1477.468
2025-01-05 12:00:00,218.8,219.1,217.3,218.5,2696.174
2025-01-05 13:00:00,218.3,219.5,217.3,217.4,1365.934
2025-01-05 14:00:00,217.3,218.2,216.4,217.9,7498.498
2025-01-05 15:00:00,217.9,219.0,217.0,218.6,9019.845
2025-01-05 16:00:00,218.5,219.4,216.0,217.4,8070.607
2025-01-05 17:00:00,217.3,218.3,217.0,217.4,497.754
2025-01-05 18:00:00,217.6,217.9,216.6,217.5,102.164
2025-01-05 19:00:00,217.4,218.3,217.2,217.9,70.745
2025-01-05 20:00:00,218.1,218.9,217.6,218.1,166.986
2025-01-05 21:00:00,218.1,219.1,218.0,219.0,38.02
2025-01-05 22:00:00,218.9,219.6,218.4,219.3,62.637
2025-01-05 23:00:00,219.4,219.6,218.3,218.6,42.066
2025-01-06 00:00:00,218.9,219.4,217.0,217.2,108.039
2025-01-06 01:00:00,217.3,220.1,216.6,219.7,401.525
2025-01-06 02:00:00,219.5,222.0,219.5,220.7,518.336
2025-01-06 03:00:00,220.7,221.8,220.4,220.7,490.44300000000004
2025-01-06 04:00:00,221.0,221.8,220.5,221.2,693.578
2025-01-06 05:00:00,220.9,221.9,220.4,220.7,239.209
2025-01-06 06:00:00,220.8,221.1,219.1,220.2,397.826
2025-01-06 07:00:00,220.2,220.6,219.3,220.4,341.476
2025-01-06 08:00:00,220.3,221.3,219.0,219.2,568.443
2025-01-06 09:00:00,219.2,219.6,218.4,219.6,50.988
2025-01-06 10:00:00,219.4,220.2,219.0,220.0,98.346
2025-01-06 11:00:00,220.1,221.4,219.9,221.4,172.959
2025-01-06 12:00:00,221.3,222.8,220.8,221.9,557.933
2025-01-06 13:00:00,221.8,223.9,220.9,223.8,266.902
2025-01-06 14:00:00,223.7,227.3,221.9,226.0,1611.509
2025-01-06 15:00:00,226.5,227.2,224.9,226.7,902.0550000000001
2025-01-06 16:00:00,226.8,228.4,225.4,225.9,4300.527
2025-01-06 17:00:00,226.0,226.0,222.5,223.9,539.685
2025-01-06 18:00:00,224.0,224.8,223.1,224.1,283.883
2025-01-06 19:00:00,223.9,225.6,223.8,225.3,155.103
2025-01-06 20:00:00,225.1,228.4,223.4,223.7,430.593
2025-01-06 21:00:00,223.7,223.9,222.7,223.0,351.972
2025-01-06 22:00:00,223.0,223.9,222.8,223.9,70.028
2025-01-06 23:00:00,223.6,223.7,223.0,223.6,658.674
2025-01-07 00:00:00,223.6,223.7,222.8,222.8,986.202
2025-01-07 01:00:00,222.9,223.8,222.0,223.2,386.00399999999996
2025-01-07 02:00:00,223.2,223.2,221.8,221.8,140.244
2025-01-07 03:00:00,221.9,222.8,221.5,222.7,79.892
2025-01-07 04:00:00,222.6,222.8,221.8,221.9,32.013
2025-01-07 05:00:00,221.4,221.8,221.0,221.8,842.072
2025-01-07 06:00:00,221.7,221.9,221.1,221.6,163.303
2025-01-07 07:00:00,221.5,221.9,220.8,221.4,158.079
2025-01-07 08:00:00,221.5,222.1,220.6,221.7,164.344
2025-01-07 09:00:00,221.8,221.9,220.0,220.3,225.928
2025-01-07 10:00:00,220.2,220.6,219.5,219.9,187.702
2025-01-07 11:00:00,219.9,220.5,218.0,219.3,394.616
2025-01-07 12:00:00,219.0,219.5,217.8,218.4,454.954
2025-01-07 13:00:00,218.5,219.6,218.5,219.2,408.26599999999996
2025-01-07 14:00:00,219.1,219.6,215.9,217.0,423.58500000000004
2025-01-07 15:00:00,216.5,217.0,209.6,212.9,3417.566
2025-01-07 16:00:00,212.6,214.2,211.8,212.4,459.332
2025-01-07 17:00:00,212.5,212.9,210.2,211.5,2069.992
2025-01-07 18:00:00,211.2,212.1,209.1,209.9,370.799
2025-01-07 19:00:00,209.9,210.4,208.6,209.6,379.443
2025-01-07 20:00:00,209.5,209.5,207.4,209.2,445.06
2025-01-07 21:00:00,209.3,209.9,207.0,207.0,265.915
2025-01-07 22:00:00,206.9,208.7,206.6,208.6,165.758
2025-01-07 23:00:00,207.7,208.6,206.8,207.1,235.135
2025-01-08 00:00:00,207.0,208.5,206.8,207.2,1600.3239999999998
2025-01-08 01:00:00,207.3,207.3,204.3,205.7,404.2
2025-01-08 02:00:00,206.1,206.5,204.9,204.9,143.513
2025-01-08 03:00:00,204.9,205.0,201.6,203.4,627.156
2025-01-08 04:00:00,203.4,204.3,201.5,201.7,334.654
2025-01-08 05:00:00,201.8,202.5,200.5,200.6,562.7669999999999
2025-01-08 06:00:00,200.8,201.5,198.0,198.0,2015.525
2025-01-08 07:00:00,198.0,200.5,197.8,200.4,444.536
2025-01-08 08:00:00,200.2,202.4,200.1,201.9,224.867
2025-01-08 09:00:00,201.9,202.5,200.6,200.6,767.982
2025-01-08 10:00:00,200.5,202.6,200.5,201.9,213.507
2025-01-08 11:00:00,201.9,202.1,199.0,200.3,470.431
2025-01-08 12:00:00,200.1,200.8,199.4,199.7,368.353
2025-01-08 13:00:00,199.7,202.3,199.7,201.8,958.216
2025-01-08 14:00:00,201.8,203.8,201.4,202.4,914.491
2025-01-08 15:00:00,202.2,204.1,200.9,202.2,1011.548
2025-01-08 16:00:00,202.3,202.5,199.0,199.2,2216.766
2025-01-08 17:00:00,199.2,199.6,192.8,197.7,5597.557
2025-01-08 18:00:00,197.6,201.4,197.3,198.5,3846.42
2025-01-08 19:00:00,198.7,200.6,198.0,199.0,2070.423
2025-01-08 20:00:00,198.9,200.8,198.3,200.4,1374.5149999999999
2025-01-08 21:00:00,200.5,200.7,198.7,199.8,417.751
2025-01-08 22:00:00,199.7,202.7,199.7,202.6,458.897
2025-01-08 23:00:00,202.5,203.0,201.7,202.3,209.323
2025-01-09 00:00:00,202.1,202.5,201.2,202.4,332.609
2025-01-09 01:00:00,202.6,203.8,202.1,202.5,369.11800000000005
2025-01-09 02:00:00,202.5,202.7,199.8,201.9,719.237
2025-01-09 03:00:00,201.9,201.9,198.9,199.1,355.347
2025-01-09 04:00:00,199.3,200.1,198.3,200.1,235.118
2025-01-09 05:00:00,200.2,200.2,199.0,199.1,277.599
2025-01-09 06:00:00,199.0,199.6,198.0,198.1,214.401
2025-01-09 07:00:00,198.0,198.6,194.3,194.7,1077.097
2025-01-09 08:00:00,194.8,196.9,193.7,195.7,10646.789999999999
2025-01-09 09:00:00,195.6,196.7,195.6,196.1,475.85
2025-01-09 10:00:00,196.2,196.6,194.1,195.8,371.313
2025-01-09 11:00:00,195.8,197.4,195.2,195.7,711.774
2025-01-09 12:00:00,195.6,196.6,193.9,194.8,615.899
2025-01-09 13:00:00,194.9,195.0,189.9,190.1,2579.272
2025-01-09 14:00:00,190.0,193.4,189.5,193.4,1606.0049999999999
2025-01-09 15:00:00,193.3,197.7,192.5,196.9,1829.907
2025-01-09 16:00:00,196.7,197.6,195.3,196.5,1536.355
2025-01-09 17:00:00,196.5,196.9,190.9,192.0,682.121
2025-01-09 18:00:00,191.6,194.0,191.6,193.1,393.697
2025-01-09 19:00:00,193.0,193.5,190.3,190.3,751.682
2025-01-09 20:00:00,190.4,191.0,186.5,189.6,2538.187
2025-01-09 21:00:00,189.4,191.6,189.1,189.2,1072.837
2025-01-09 22:00:00,189.0,192.1,187.7,190.5,427.06100000000004
2025-01-09 23:00:00,190.4,190.7,189.0,189.6,288.304
2025-01-10 00:00:00,190.0,191.6,190.0,191.0,190.721
2025-01-10 01:00:00,191.1,192.6,190.3,192.2,203.2
2025-01-10 02:00:00,192.3,194.0,192.0,192.8,281.516
2025-01-10 03:00:00,193.0,194.1,192.6,193.9,274.455
2025-01-10 04:00:00,194.1,194.4,193.2,193.6,335.42199999999997
2025-01-10 05:00:00,193.6,196.1,192.9,194.5,1823.247
2025-01-10 06:00:00,194.5,195.8,193.9,195.6,1765.424
2025-01-10 07:00:00,195.7,197.6,195.2,196.3,1278.392
2025-01-10 08:00:00,196.3,197.2,196.0,196.6,1326.688
2025-01-10 09:00:00,196.7,197.5,195.8,196.7,3906.069
2025-01-10 10:00:00,196.7,197.3,196.0,197.3,1581.0
2025-01-10 11:00:00,197.2,197.6,195.8,196.6,915.293
2025-01-10 12:00:00,196.6,196.8,195.1,196.4,570.94
2025-01-10 13:00:00,196.4,196.7,189.4,191.0,5070.676
2025-01-10 14:00:00,190.9,193.9,190.3,192.0,3051.354
2025-01-10 15:00:00,192.0,193.4,187.7,191.7,1549.682
2025-01-10 16:00:00,191.7,192.0,188.7,189.2,1667.66
2025-01-10 17:00:00,189.2,196.7,188.3,196.2,1450.058
2025-01-10 18:00:00,196.2,196.5,193.8,194.5,964.113
2025-01-10 19:00:00,194.7,195.6,193.7,194.7,625.204
2025-01-10 20:00:00,194.5,195.0,191.4,191.8,695.496
2025-01-10 21:00:00,191.9,193.4,191.6,192.1,771.303
2025-01-10 22:00:00,192.2,193.3,191.3,192.5,453.09000000000003
2025-01-10 23:00:00,192.5,193.2,191.7,192.2,771.143
2025-01-11 00:00:00,192.1,192.8,191.7,192.7,678.473
2025-01-11 01:00:00,192.8,193.5,190.3,190.8,1254.393
2025-01-11 02:00:00,191.0,191.7,190.5,191.3,606.14
2025-01-11 03:00:00,191.3,191.3,190.0,190.7,202.35
2025-01-11 04:00:00,190.7,191.2,189.8,190.4,454.15
2025-01-11 05:00:00,190.4,190.7,189.6,190.7,328.567
2025-01-11 06:00:00,190.7,191.7,190.7,190.7,88.506
2025-01-11 07:00:00,190.8,191.4,189.9,190.8,209.876
2025-01-11 08:00:00,191.2,191.5,189.6,190.3,172.476
2025-01-11 09:00:00,190.3,191.0,188.9,189.7,675.9350000000001
2025-01-11 10:00:00,189.7,190.3,188.6,189.8,1120.767
2025-01-11 11:00:00,189.6,191.4,189.6,191.3,1188.039
2025-01-11 12:00:00,191.2,192.1,190.8,191.4,2400.633
2025-01-11 13:00:00,191.4,192.0,190.6,191.1,1628.317
2025-01-11 14:00:00,191.0,192.7,190.3,192.3,1931.453
2025-01-11 15:00:00,192.3,193.1,191.1,191.4,2564.56
2025-01-11 16:00:00,191.5,192.2,190.6,191.9,357.024
2025-01-11 17:00:00,191.8,191.8,190.3,191.1,141.344
2025-01-11 18:00:00,191.2,192.5,191.1,192.3,73.167
2025-01-11 19:00:00,192.3,192.7,191.7,192.3,105.196
2025-01-11 20:00:00,192.4,195.4,192.2,194.9,277.078
2025-01-11 21:00:00,195.0,196.5,195.0,195.9,612.698
2025-01-11 22:00:00,195.7,195.7,192.8,193.2,155.774
2025-01-11 23:00:00,193.2,193.5,192.5,192.8,122.268
2025-01-12 00:00:00,192.8,193.0,192.0,192.0,210.186
2025-01-12 01:00:00,192.1,192.3,191.2,192.3,247.738
2025-01-12 02:00:00,192.3,192.9,191.7,192.9,202.374
2025-01-12 03:00:00,192.9,193.3,191.5,191.8,88.752
2025-01-12 04:00:00,191.9,192.0,191.3,191.5,156.216
2025-01-12 05:00:00,191.5,191.9,191.0,191.2,508.626
2025-01-12 06:00:00,191.2,191.5,190.4,190.4,5103.274
2025-01-12 07:00:00,190.4,191.5,190.1,191.0,4051.663
2025-01-12 08:00:00,191.1,191.6,190.3,190.5,147.803
2025-01-12 09:00:00,190.6,191.0,189.7,190.5,215.711
2025-01-12 10:00:00,190.4,191.1,189.9,190.8,452.09900000000005
2025-01-12 11:00:00,190.9,191.7,190.7,191.3,95.122
2025-01-12 12:00:00,191.3,192.2,190.9,191.6,120.532
2025-01-12 13:00:00,191.6,193.3,191.4,192.7,270.472
2025-01-12 14:00:00,192.8,193.6,192.5,193.1,545.186
2025-01-12 15:00:00,193.2,195.8,192.9,195.3,681.554
2025-01-12 16:00:00,195.3,195.5,194.0,194.7,129.19899999999998
2025-01-12 17:00:00,194.5,195.3,194.0,194.7,47.442
2025-01-12 18:00:00,194.6,195.1,193.9,194.1,104.585
2025-01-12 19:00:00,194.4,194.7,193.4,193.7,30.978
2025-01-12 20:00:00,193.7,194.8,193.7,194.1,48.199
2025-01-12 21:00:00,194.2,194.2,192.7,193.3,92.298
2025-01-12 22:00:00,193.1,193.4,191.3,191.5,72.609
2025-01-12 23:00:00,191.7,193.5,191.5,193.4,86.219
2025-01-13 00:00:00,193.4,196.8,193.1,195.4,745.688
2025-01-13 01:00:00,195.4,195.5,191.7,192.0,573.649
2025-01-13 02:00:00,192.1,192.3,189.1,190.4,393.59700000000004
2025-01-13 03:00:00,190.4,191.2,188.7,189.5,147.652
2025-01-13 04:00:00,189.4,191.6,189.4,190.1,403.682
2025-01-13 05:00:00,190.0,190.0,188.0,188.5,395.324
2025-01-13 06:00:00,188.5,189.1,186.3,186.6,708.321
2025-01-13 07:00:00,186.9,188.1,185.7,186.9,1998.921
2025-01-13 08:00:00,187.1,187.2,184.9,185.4,2264.749
2025-01-13 09:00:00,185.3,185.4,183.3,184.7,3812.274
2025-01-13 10:00:00,184.5,184.9,182.3,182.7,1766.026
2025-01-13 11:00:00,182.7,182.8,179.5,179.6,3526.86
2025-01-13 12:00:00,179.7,182.0,179.1,179.4,6507.652
2025-01-13 13:00:00,179.3,182.6,178.6,180.1,4028.106
2025-01-13 14:00:00,180.1,181.2,173.1,179.7,4396.59
2025-01-13 15:00:00,179.7,184.7,179.3,183.1,3403.187
2025-01-13 16:00:00,183.2,184.1,180.3,180.5,4454.648
2025-01-13 17:00:00,180.5,182.6,179.7,180.6,2908.004
2025-01-13 18:00:00,180.6,182.1,178.6,180.2,1462.055
2025-01-13 19:00:00,180.2,182.9,179.3,181.8,2031.581
2025-01-13 20:00:00,181.8,186.8,180.7,185.8,1228.513
2025-01-13 21:00:00,186.1,186.6,184.6,186.2,1271.788
2025-01-13 22:00:00,186.3,188.0,186.0,187.4,1022.959
2025-01-13 23:00:00,187.4,188.6,187.0,187.2,650.767
2025-01-14 00:00:00,187.1,187.4,186.2,186.6,763.942
2025-01-14 01:00:00,186.7,188.8,186.7,187.0,1954.879
2025-01-14 02:00:00,187.0,188.6,186.5,187.8,3882.752
2025-01-14 03:00:00,187.8,189.1,187.7,188.8,2911.967
2025-01-14 04:00:00,189.1,190.5,188.8,190.5,231.234
2025-01-14 05:00:00,190.5,191.2,189.3,189.6,232.991
2025-01-14 06:00:00,190.0,191.5,189.9,190.8,207.062
2025-01-14 07:00:00,191.0,191.1,190.0,190.2,183.455
2025-01-14 08:00:00,190.4,192.1,190.4,191.5,162.103
2025-01-14 09:00:00,191.4,194.8,191.0,194.1,1507.035
2025-01-14 10:00:00,194.0,194.1,192.3,192.3,619.9110000000001
2025-01-14 11:00:00,192.3,192.8,191.1,191.6,26948.953
2025-01-14 12:00:00,191.6,191.7,190.3,190.3,3106.853
2025-01-14 13:00:00,190.4,193.2,190.0,192.6,3944.4030000000002
2025-01-14 14:00:00,192.7,194.8,191.5,191.8,6946.442
2025-01-14 15:00:00,191.9,193.4,191.6,191.6,466.869
2025-01-14 16:00:00,191.6,192.1,190.5,191.2,297.683
2025-01-14 17:00:00,191.2,192.6,190.8,191.2,520.489
2025-01-14 18:00:00,191.5,191.9,190.8,191.3,324.255
2025-01-14 19:00:00,191.0,192.2,190.9,191.5,216.239
2025-01-14 20:00:00,191.7,192.0,190.5,192.0,479.676
2025-01-14 21:00:00,192.0,192.6,191.4,191.8,101.899
2025-01-14 22:00:00,191.9,193.4,191.7,193.4,188.432
2025-01-14 23:00:00,193.5,193.5,192.1,192.2,91.542
2025-01-15 00:00:00,192.5,192.8,191.7,192.0,237.594
2025-01-15 01:00:00,191.7,193.4,191.7,192.7,177.202
2025-01-15 02:00:00,192.6,193.2,191.7,192.2,142.75900000000001
2025-01-15 03:00:00,191.9,194.4,191.9,194.3,273.718
2025-01-15 04:00:00,194.4,194.8,193.4,194.5,346.402
2025-01-15 05:00:00,194.4,194.4,193.2,194.3,161.683
2025-01-15 06:00:00,194.4,194.4,193.0,193.9,195.303
2025-01-15 07:00:00,194.2,195.5,194.1,194.8,206.55700000000002
2025-01-15 08:00:00,194.9,195.6,194.2,194.4,114.149
2025-01-15 09:00:00,194.1,194.4,191.1,191.6,235.373
2025-01-15 10:00:00,191.5,192.7,191.4,192.1,102.964
2025-01-15 11:00:00,192.4,192.5,190.6,191.8,424.014
2025-01-15 12:00:00,191.8,192.1,190.8,191.2,525.737
2025-01-15 13:00:00,191.3,200.6,191.3,200.6,1554.122
2025-01-15 14:00:00,200.6,202.0,197.8,200.8,900.558
2025-01-15 15:00:00,200.9,203.1,200.9,201.7,734.756
2025-01-15 16:00:00,201.9,203.9,201.7,203.4,698.319
2025-01-15 17:00:00,203.2,204.4,202.7,202.7,387.541
2025-01-15 18:00:00,202.8,206.9,202.8,206.4,404.336
2025-01-15 19:00:00,206.5,207.7,205.5,207.3,629.094
2025-01-15 20:00:00,207.5,210.0,207.4,208.0,1308.953
2025-01-15 21:00:00,208.0,209.0,207.7,208.0,249.185
2025-01-15 22:00:00,208.0,210.1,207.7,209.6,507.277
2025-01-15 23:00:00,209.7,211.5,209.2,211.2,548.438
2025-01-16 00:00:00,211.2,211.5,208.3,209.9,844.564
2025-01-16 01:00:00,209.9,210.6,207.9,209.6,598.591
2025-01-16 02:00:00,209.6,209.6,207.8,208.4,402.626
2025-01-16 03:00:00,208.4,208.4,206.8,207.3,718.756
2025-01-16 04:00:00,207.4,208.3,206.8,207.1,347.223
2025-01-16 05:00:00,207.1,208.6,206.7,208.5,284.89599999999996
2025-01-16 06:00:00,208.4,208.7,207.7,208.3,303.97700000000003
2025-01-16 07:00:00,208.3,208.8,208.0,208.5,66.793
2025-01-16 08:00:00,208.5,208.7,204.4,205.0,289.276
2025-01-16 09:00:00,205.4,206.7,203.7,206.5,296.065
2025-01-16 10:00:00,206.5,206.9,205.6,205.8,226.183
2025-01-16 11:00:00,205.6,218.3,205.1,218.3,11793.063
2025-01-16 12:00:00,218.3,222.7,218.3,220.7,3293.165
2025-01-16 13:00:00,220.9,221.0,212.7,215.4,2554.132
2025-01-16 14:00:00,215.3,216.4,211.2,213.4,1836.49
2025-01-16 15:00:00,213.2,215.3,212.1,214.5,1094.588
2025-01-16 16:00:00,214.4,220.4,214.4,218.9,1454.232
2025-01-16 17:00:00,218.7,221.2,217.9,220.2,1315.766
2025-01-16 18:00:00,220.3,220.9,217.1,218.6,599.806
2025-01-16 19:00:00,218.2,219.9,217.7,219.9,855.393
2025-01-16 20:00:00,219.8,220.1,218.2,219.0,292.585
2025-01-16 21:00:00,219.0,219.0,216.9,217.2,502.044
2025-01-16 22:00:00,217.2,217.2,214.1,215.4,524.662
2025-01-16 23:00:00,215.2,217.2,215.2,216.7,324.625
2025-01-17 00:00:00,216.7,217.7,215.4,216.5,1174.757
2025-01-17 01:00:00,216.4,221.0,216.4,220.2,1423.112
2025-01-17 02:00:00,220.2,220.6,217.4,218.7,916.888
2025-01-17 03:00:00,218.6,218.8,216.7,216.7,223.043
2025-01-17 04:00:00,217.0,218.6,216.6,218.5,191.374
2025-01-17 05:00:00,218.5,218.9,217.5,218.4,182.93699999999998
2025-01-17 06:00:00,218.1,219.4,218.0,218.1,289.469
2025-01-17 07:00:00,218.5,219.6,217.9,219.1,1748.173
2025-01-17 08:00:00,219.1,222.4,219.0,222.1,1192.571
2025-01-17 09:00:00,222.2,222.7,220.8,221.4,534.051
2025-01-17 10:00:00,221.2,223.7,220.3,223.1,1180.076
2025-01-17 11:00:00,222.8,225.7,222.4,224.7,1443.916
2025-01-17 12:00:00,224.6,226.3,223.3,226.2,1861.097
2025-01-17 13:00:00,226.3,228.0,225.7,226.2,1694.342
2025-01-17 14:00:00,226.3,227.6,224.3,225.3,1174.728
2025-01-17 15:00:00,225.3,226.7,222.3,224.4,1342.095
2025-01-17 16:00:00,224.4,228.1,223.9,227.0,1023.818
2025-01-17 17:00:00,226.9,227.5,222.0,222.4,595.136
2025-01-17 18:00:00,222.5,223.2,221.6,222.3,280.647
2025-01-17 19:00:00,222.4,223.8,222.1,222.9,301.677
2025-01-17 20:00:00,222.9,227.1,222.4,226.4,615.757
2025-01-17 21:00:00,226.2,226.3,222.8,224.3,233.38500000000002
2025-01-17 22:00:00,224.4,226.5,224.4,225.1,1733.5339999999999
2025-01-17 23:00:00,225.0,226.7,224.6,225.4,179.727
2025-01-18 00:00:00,225.4,227.1,225.2,226.1,360.752
2025-01-18 01:00:00,225.9,226.0,223.9,224.7,135.318
2025-01-18 02:00:00,224.8,228.0,223.3,228.0,642.601
2025-01-18 03:00:00,228.0,235.0,225.5,226.9,4403.176
2025-01-18 04:00:00,227.0,236.5,226.1,234.5,6733.473
2025-01-18 05:00:00,234.8,238.2,231.3,232.5,3996.194
2025-01-18 06:00:00,232.3,244.3,232.3,242.5,11723.398000000001
2025-01-18 07:00:00,242.5,243.3,237.6,239.0,6089.072
2025-01-18 08:00:00,238.7,246.6,235.4,244.8,9676.447
2025-01-18 09:00:00,244.9,247.9,241.3,244.2,8656.253
2025-01-18 10:00:00,244.2,251.2,244.0,249.3,8083.785
2025-01-18 11:00:00,249.4,250.5,243.8,244.9,3235.205
2025-01-18 12:00:00,244.9,250.9,244.9,249.5,3603.127
2025-01-18 13:00:00,249.6,250.2,245.1,246.4,9014.155
2025-01-18 14:00:00,246.4,250.1,246.0,249.0,1751.486
2025-01-18 15:00:00,249.1,266.6,246.4,264.4,17648.828999999998
2025-01-18 16:00:00,264.5,277.5,248.9,248.9,28845.284
2025-01-18 17:00:00,249.0,261.3,248.7,258.9,11196.495
2025-01-18 18:00:00,258.8,264.8,258.8,261.1,3986.924
2025-01-18 19:00:00,261.0,266.0,260.3,262.0,3240.208
2025-01-18 20:00:00,262.1,264.1,253.7,254.8,2648.392
2025-01-18 21:00:00,254.9,261.0,254.0,259.0,1741.355
2025-01-18 22:00:00,259.2,263.3,258.4,260.9,1355.744
2025-01-18 23:00:00,261.1,271.3,260.8,268.7,9726.031
2025-01-19 00:00:00,268.7,271.0,262.9,263.0,9245.533
2025-01-19 01:00:00,263.2,266.1,260.2,262.1,2029.9750000000001
2025-01-19 02:00:00,262.1,265.7,260.3,261.0,2028.9299999999998
2025-01-19 03:00:00,261.1,265.5,258.7,262.2,3262.3469999999998
2025-01-19 04:00:00,262.2,282.2,260.8,280.7,14064.924
2025-01-19 05:00:00,280.3,281.4,272.1,273.0,4322.334
2025-01-19 06:00:00,273.4,282.2,273.0,281.6,4199.629
2025-01-19 07:00:00,281.9,285.1,278.4,278.7,8996.914
2025-01-19 08:00:00,278.6,283.0,275.3,281.6,8920.21
2025-01-19 09:00:00,281.6,286.3,273.1,281.0,18049.881
2025-01-19 10:00:00,281.2,296.2,279.9,291.1,19037.622
2025-01-19 11:00:00,291.3,302.5,290.9,292.6,17916.904
2025-01-19 12:00:00,292.8,295.9,281.8,283.9,10318.963
2025-01-19 13:00:00,283.9,295.0,283.3,290.0,5148.048
2025-01-19 14:00:00,289.9,292.6,272.1,276.9,11698.705
2025-01-19 15:00:00,277.0,279.5,269.1,277.6,5893.762
2025-01-19 16:00:00,277.5,278.0,270.6,275.5,2406.643
2025-01-19 17:00:00,275.5,278.3,270.9,278.1,2051.61
2025-01-19 18:00:00,278.0,282.6,277.2,279.5,2321.91
2025-01-19 19:00:00,279.0,279.8,274.9,276.5,1052.1779999999999
2025-01-19 20:00:00,276.4,284.9,275.7,284.5,1968.3410000000001
2025-01-19 21:00:00,284.6,285.3,258.9,261.6,16242.44
2025-01-19 22:00:00,261.5,265.6,245.9,259.1,30115.799
2025-01-19 23:00:00,259.1,260.9,241.8,258.6,11819.986
2025-01-20 00:00:00,258.7,258.8,240.9,241.6,12365.746000000001
2025-01-20 01:00:00,241.8,253.2,241.2,247.9,4659.442
2025-01-20 02:00:00,247.7,253.6,235.7,237.8,4755.3
2025-01-20 03:00:00,237.9,249.4,235.1,247.2,5322.841
2025-01-20 04:00:00,247.2,252.5,244.9,249.7,2490.04
2025-01-20 05:00:00,249.6,254.6,249.4,250.7,3119.458
2025-01-20 06:00:00,250.7,266.6,248.4,264.0,6507.991
2025-01-20 07:00:00,264.2,271.0,261.8,268.4,8298.153
2025-01-20 08:00:00,268.4,276.7,265.2,276.2,1652.661
2025-01-20 09:00:00,276.2,280.3,268.9,269.4,3342.58
2025-01-20 10:00:00,269.5,272.9,265.2,265.9,2136.909
2025-01-20 11:00:00,265.9,267.1,263.3,267.1,1182.792
2025-01-20 12:00:00,267.2,268.2,256.5,259.7,2031.53
2025-01-20 13:00:00,259.9,264.2,257.4,262.9,1129.25
2025-01-20 14:00:00,262.7,265.9,261.2,264.0,811.198
2025-01-20 15:00:00,264.0,265.9,260.0,261.0,1434.987
2025-01-20 16:00:00,260.9,263.4,253.4,263.0,6502.072
2025-01-20 17:00:00,263.0,263.1,240.1,249.9,15306.474
2025-01-20 18:00:00,250.0,256.5,248.3,255.8,1619.897
2025-01-20 19:00:00,255.1,255.6,250.9,252.8,3472.711
2025-01-20 20:00:00,252.4,255.3,250.9,251.6,647.261
2025-01-20 21:00:00,251.6,256.8,251.2,252.7,940.663
2025-01-20 22:00:00,252.5,257.3,248.9,256.2,1352.064
2025-01-20 23:00:00,256.3,256.7,247.6,248.4,1774.077
2025-01-21 00:00:00,248.4,251.3,241.1,241.2,3433.549
2025-01-21 01:00:00,241.4,246.3,238.0,240.6,2292.714
2025-01-21 02:00:00,240.4,246.5,238.3,246.5,4308.1630000000005
2025-01-21 03:00:00,246.2,247.8,242.3,244.1,1317.296
2025-01-21 04:00:00,244.2,247.0,237.6,245.1,2428.837
2025-01-21 05:00:00,244.8,245.2,238.3,238.4,1091.117
2025-01-21 06:00:00,238.3,243.8,236.4,243.1,1403.3700000000001
2025-01-21 07:00:00,243.1,244.6,241.1,243.6,942.19
2025-01-21 08:00:00,243.2,246.7,242.1,246.2,783.798
2025-01-21 09:00:00,246.1,247.7,242.7,245.2,536.675
2025-01-21 10:00:00,245.2,248.9,243.9,246.0,1519.32
2025-01-21 11:00:00,246.0,248.4,243.4,246.2,2460.984
2025-01-21 12:00:00,245.8,249.4,243.4,247.4,1766.471
2025-01-21 13:00:00,247.5,251.0,246.2,248.2,591.728
2025-01-21 14:00:00,248.2,251.5,244.2,245.7,1277.627
2025-01-21 15:00:00,245.6,247.9,242.5,247.7,789.889
2025-01-21 16:00:00,247.6,255.5,246.7,250.6,1444.522
2025-01-21 17:00:00,250.7,256.7,250.2,255.9,644.38
2025-01-21 18:00:00,255.7,267.3,255.3,266.5,2232.509
2025-01-21 19:00:00,266.6,267.2,259.3,260.1,1297.231
2025-01-21 20:00:00,260.1,263.0,258.4,260.4,4306.3279999999995
2025-01-21 21:00:00,260.3,262.1,258.4,260.7,357.101
2025-01-21 22:00:00,260.6,261.4,256.2,256.3,505.697
2025-01-21 23:00:00,256.3,257.6,253.6,257.3,399.265
2025-01-22 00:00:00,257.1,260.6,255.4,259.6,449.142
2025-01-22 01:00:00,259.5,260.9,258.1,258.9,632.293
2025-01-22 02:00:00,258.8,259.7,257.3,259.0,362.907
2025-01-22 03:00:00,259.1,264.0,258.9,261.2,927.3230000000001
2025-01-22 04:00:00,261.1,262.8,259.4,262.7,265.352
2025-01-22 05:00:00,262.6,265.0,262.2,262.7,383.103
2025-01-22 06:00:00,262.9,264.8,261.1,263.7,321.429
2025-01-22 07:00:00,263.7,266.9,262.3,265.6,580.79
2025-01-22 08:00:00,265.6,265.9,259.2,262.1,1440.661
2025-01-22 09:00:00,262.2,262.9,260.0,260.6,492.439
2025-01-22 10:00:00,260.6,261.9,259.2,261.9,332.695
2025-01-22 11:00:00,261.9,265.7,261.7,264.7,529.387
2025-01-22 12:00:00,265.0,266.3,263.7,266.1,1060.285
2025-01-22 13:00:00,266.0,272.2,264.4,267.3,2522.698
2025-01-22 14:00:00,267.8,269.6,262.2,262.9,1824.144
2025-01-22 15:00:00,262.9,265.3,261.3,264.4,1300.058
2025-01-22 16:00:00,264.1,265.0,261.1,264.4,557.641
2025-01-22 17:00:00,264.1,267.6,263.5,266.4,503.079
2025-01-22 18:00:00,266.6,267.3,260.2,260.9,466.916
2025-01-22 19:00:00,261.0,273.5,260.7,272.6,1896.924
2025-01-22 20:00:00,272.6,279.3,271.6,275.8,2226.707
2025-01-22 21:00:00,275.8,276.2,269.6,269.6,1172.213
2025-01-22 22:00:00,269.5,271.9,267.1,267.2,445.19
2025-01-22 23:00:00,267.5,267.5,262.8,264.6,605.4490000000001
2025-01-23 00:00:00,264.4,265.5,261.2,262.2,491.17
2025-01-23 01:00:00,261.8,263.9,259.6,260.3,214.489
2025-01-23 02:00:00,260.2,260.7,253.1,255.8,1709.997
2025-01-23 03:00:00,255.2,258.1,254.5,255.6,460.039
2025-01-23 04:00:00,255.6,256.0,251.8,253.2,739.448
2025-01-23 05:00:00,253.3,256.9,253.3,256.2,910.879
2025-01-23 06:00:00,256.0,257.7,254.5,254.5,305.374
2025-01-23 07:00:00,254.8,256.9,253.3,256.4,3074.612
2025-01-23 08:00:00,256.3,256.8,252.7,253.3,227.239
2025-01-23 09:00:00,253.0,255.5,252.8,253.9,374.69
2025-01-23 10:00:00,254.1,255.0,249.2,250.7,991.33
2025-01-23 11:00:00,250.5,252.2,249.9,251.3,147.125
2025-01-23 12:00:00,251.0,252.6,249.5,250.2,138.922
2025-01-23 13:00:00,249.8,254.4,249.2,253.9,603.752
2025-01-23 14:00:00,253.4,261.9,252.1,257.7,794.4689999999999
2025-01-23 15:00:00,258.3,259.9,251.9,256.3,1995.9930000000002
2025-01-23 16:00:00,256.4,263.3,256.3,257.5,1278.19
2025-01-23 17:00:00,257.4,260.5,254.8,259.3,791.882
2025-01-23 18:00:00,259.6,260.3,257.4,257.8,1366.827
2025-01-23 19:00:00,257.8,257.8,252.2,253.5,318.404
2025-01-23 20:00:00,254.0,265.5,252.9,257.6,2647.019
2025-01-23 21:00:00,258.1,258.5,250.6,253.0,670.797
2025-01-23 22:00:00,252.7,259.1,252.5,258.6,697.087
2025-01-23 23:00:00,258.7,262.2,257.7,260.7,469.17
2025-01-24 00:00:00,260.7,263.8,259.5,259.9,568.115
2025-01-24 01:00:00,260.0,260.5,256.2,257.4,306.31
2025-01-24 02:00:00,257.4,258.3,254.7,256.0,486.67900000000003
2025-01-24 03:00:00,255.9,260.6,254.4,259.9,531.854
2025-01-24 04:00:00,259.5,262.6,258.0,262.4,347.233
2025-01-24 05:00:00,262.4,268.8,261.7,268.8,1014.638
2025-01-24 06:00:00,268.8,271.7,267.2,271.4,1131.353
2025-01-24 07:00:00,271.3,272.0,267.0,267.2,915.723
2025-01-24 08:00:00,267.6,272.8,267.4,271.9,985.032
2025-01-24 09:00:00,271.9,272.5,270.3,271.5,561.366
2025-01-24 10:00:00,271.3,274.4,270.3,271.6,994.539
2025-01-24 11:00:00,271.5,274.9,271.5,274.5,780.799
2025-01-24 12:00:00,274.5,275.7,270.7,272.6,1800.2160000000001
2025-01-24 13:00:00,272.8,274.6,271.1,274.4,485.086
2025-01-24 14:00:00,274.5,277.8,273.8,275.9,1135.648
2025-01-24 15:00:00,275.9,276.6,268.4,269.8,839.999
2025-01-24 16:00:00,269.9,272.6,269.5,269.5,317.683
2025-01-24 17:00:00,269.8,272.4,268.9,272.2,437.444
2025-01-24 18:00:00,272.3,272.9,270.0,270.3,222.821
2025-01-24 19:00:00,270.3,271.0,264.1,269.3,3452.801
2025-01-24 20:00:00,269.3,269.8,264.4,264.7,879.131
2025-01-24 21:00:00,264.9,268.7,263.9,265.0,782.08
2025-01-24 22:00:00,264.4,265.2,261.6,261.7,451.926
2025-01-24 23:00:00,262.0,262.4,260.0,260.5,212.644
2025-01-25 00:00:00,260.4,261.1,255.6,255.6,688.327
2025-01-25 01:00:00,255.7,260.4,255.3,259.3,502.978
2025-01-25 02:00:00,259.2,259.7,257.1,257.4,373.305
2025-01-25 03:00:00,257.5,260.3,256.2,260.1,1413.028
2025-01-25 04:00:00,259.9,259.9,257.6,257.6,255.881
2025-01-25 05:00:00,257.3,258.0,255.6,256.1,295.933
2025-01-25 06:00:00,255.9,257.1,253.8,254.7,732.7570000000001
2025-01-25 07:00:00,254.6,254.8,253.7,254.6,246.933
2025-01-25 08:00:00,254.6,257.0,254.4,256.7,219.603
2025-01-25 09:00:00,256.2,259.6,254.8,255.6,453.582
2025-01-25 10:00:00,255.5,259.6,253.8,256.2,1831.016
2025-01-25 11:00:00,255.9,258.1,255.0,257.3,145.465
2025-01-25 12:00:00,257.1,257.3,255.7,256.9,161.018
2025-01-25 13:00:00,257.0,258.2,256.7,257.6,346.168
2025-01-25 14:00:00,257.7,258.7,256.5,258.5,192.577
2025-01-25 15:00:00,258.4,262.0,258.3,261.3,242.612
2025-01-25 16:00:00,261.2,264.1,260.6,262.9,146.9
2025-01-25 17:00:00,263.3,265.5,260.6,265.3,512.649
2025-01-25 18:00:00,265.3,268.4,265.2,266.1,188.861
2025-01-25 19:00:00,266.3,267.4,264.9,265.9,216.25
2025-01-25 20:00:00,266.3,267.0,264.6,265.4,190.955
2025-01-25 21:00:00,265.5,266.6,264.5,265.4,434.662
2025-01-25 22:00:00,265.9,266.7,265.4,266.5,139.66299999999998
2025-01-25 23:00:00,266.4,267.1,263.0,263.9,1141.021
2025-01-26 00:00:00,264.0,264.8,262.6,263.7,1571.5240000000001
2025-01-26 01:00:00,263.6,264.5,262.2,262.2,147.566
2025-01-26 02:00:00,262.5,263.1,261.1,263.0,202.66400000000002
2025-01-26 03:00:00,263.2,267.5,263.2,266.0,523.279
2025-01-26 04:00:00,265.9,268.0,265.4,266.3,286.71500000000003
2025-01-26 05:00:00,266.7,266.7,264.9,265.4,863.341
2025-01-26 06:00:00,265.4,267.0,265.0,265.8,157.939
2025-01-26 07:00:00,266.2,267.8,266.0,266.4,734.34
2025-01-26 08:00:00,266.7,266.7,263.3,264.2,147.327
2025-01-26 09:00:00,264.0,264.1,261.5,262.4,224.968
2025-01-26 10:00:00,262.4,263.3,260.3,261.1,174.45
2025-01-26 11:00:00,261.1,263.3,260.7,263.2,140.79500000000002
2025-01-26 12:00:00,263.2,264.5,261.9,264.4,377.616
2025-01-26 13:00:00,264.5,265.1,261.4,262.7,4309.644
2025-01-26 14:00:00,262.7,262.8,260.8,262.5,682.702
2025-01-26 15:00:00,262.7,263.8,261.9,262.1,2194.082
2025-01-26 16:00:00,262.1,263.4,261.4,263.1,240.228
2025-01-26 17:00:00,262.9,264.4,262.5,263.8,316.324
2025-01-26 18:00:00,263.6,265.1,263.3,264.2,268.955
2025-01-26 19:00:00,264.3,264.7,263.4,263.7,218.89000000000001
2025-01-26 20:00:00,263.7,264.1,260.7,260.9,200.808
2025-01-26 21:00:00,260.9,261.0,256.6,256.6,983.874
2025-01-26 22:00:00,256.4,257.5,253.0,254.4,634.413
2025-01-26 23:00:00,253.8,254.8,247.5,247.6,1708.8129999999999
2025-01-27 00:00:00,247.5,249.8,242.8,244.6,3456.922
2025-01-27 01:00:00,244.6,245.7,241.9,242.9,516.487
2025-01-27 02:00:00,242.8,244.4,239.7,241.8,3881.395
2025-01-27 03:00:00,241.8,244.9,241.2,242.4,516.719
2025-01-27 04:00:00,242.4,242.4,237.4,238.0,975.9939999999999
2025-01-27 05:00:00,237.5,238.9,236.1,238.8,1197.29
2025-01-27 06:00:00,238.6,239.5,232.4,233.7,1491.869
2025-01-27 07:00:00,233.9,235.1,228.2,234.2,2950.319
2025-01-27 08:00:00,234.3,234.3,229.3,232.1,1362.719
2025-01-27 09:00:00,231.9,234.4,230.5,233.0,1206.531
2025-01-27 10:00:00,232.6,233.3,227.4,228.6,643.996
2025-01-27 11:00:00,228.7,234.4,228.6,232.5,347.393
2025-01-27 12:00:00,232.4,238.4,230.5,237.8,1843.294
2025-01-27 13:00:00,237.9,243.2,236.8,238.2,3947.875
2025-01-27 14:00:00,237.7,244.5,236.1,243.8,1098.722
2025-01-27 15:00:00,243.8,243.8,239.3,240.3,1669.116
2025-01-27 16:00:00,240.5,242.6,234.3,235.5,487.995
2025-01-27 17:00:00,235.7,237.3,233.0,233.9,317.131
2025-01-27 18:00:00,233.8,234.9,230.7,231.1,772.179
2025-01-27 19:00:00,231.6,234.7,231.3,232.7,314.752
2025-01-27 20:00:00,232.7,242.0,232.7,241.4,547.384
2025-01-27 21:00:00,241.2,244.7,239.5,240.8,309.308
2025-01-27 22:00:00,241.0,243.5,240.4,241.9,1727.54
2025-01-27 23:00:00,242.0,243.0,240.9,242.1,97.595
2025-01-28 00:00:00,241.8,244.5,241.5,242.1,158.713
2025-01-28 01:00:00,242.2,242.9,240.3,241.4,231.45399999999998
2025-01-28 02:00:00,241.3,244.0,241.2,243.3,61.837
2025-01-28 03:00:00,243.3,244.9,242.1,244.1,434.926
2025-01-28 04:00:00,243.9,253.9,243.9,247.0,1071.869
2025-01-28 05:00:00,247.0,251.2,246.9,249.6,214.548
2025-01-28 06:00:00,249.6,249.9,246.6,246.8,690.9019999999999
2025-01-28 07:00:00,246.8,248.3,245.6,245.8,221.954
2025-01-28 08:00:00,245.9,245.9,243.9,245.4,285.582
2025-01-28 09:00:00,245.6,245.6,242.5,245.3,262.973
2025-01-28 10:00:00,245.1,246.7,244.7,245.5,427.601
2025-01-28 11:00:00,245.3,246.2,244.2,245.2,97.922
2025-01-28 12:00:00,244.7,246.8,242.5,243.6,183.886
2025-01-28 13:00:00,243.6,245.7,242.9,243.6,226.882
2025-01-28 14:00:00,243.4,244.5,240.6,242.8,516.429
2025-01-28 15:00:00,243.0,247.1,243.0,244.5,248.469
2025-01-28 16:00:00,244.4,244.5,239.0,241.4,578.153
2025-01-28 17:00:00,241.3,244.0,240.0,241.1,2524.6549999999997
2025-01-28 18:00:00,241.1,242.8,237.7,238.0,320.522
2025-01-28 19:00:00,238.3,239.9,237.3,238.9,122.641
2025-01-28 20:00:00,238.9,239.5,234.1,234.6,1332.165
2025-01-28 21:00:00,234.8,236.4,232.2,232.4,435.936
2025-01-28 22:00:00,232.4,234.9,231.7,233.8,409.765
2025-01-28 23:00:00,233.1,234.2,231.7,233.9,1041.378
2025-01-29 00:00:00,233.7,236.3,233.7,235.8,132.737
2025-01-29 01:00:00,235.5,237.0,235.3,236.5,118.875
2025-01-29 02:00:00,236.5,238.8,236.4,237.1,51.81
2025-01-29 03:00:00,236.7,238.7,236.7,238.2,39.094
2025-01-29 04:00:00,238.2,238.5,236.9,237.8,1184.838
2025-01-29 05:00:00,237.6,238.5,236.7,237.7,182.879
2025-01-29 06:00:00,238.0,243.9,237.9,240.8,1677.5179999999998
2025-01-29 07:00:00,240.8,245.0,239.9,241.8,735.947
2025-01-29 08:00:00,241.8,243.1,240.7,241.2,79.54599999999999
2025-01-29 09:00:00,241.1,241.3,238.0,238.2,175.622
2025-01-29 10:00:00,238.2,239.7,237.3,238.9,292.307
2025-01-29 11:00:00,238.8,240.1,238.2,239.0,243.095
2025-01-29 12:00:00,238.9,239.0,235.4,235.6,1631.115
2025-01-29 13:00:00,235.5,235.9,233.0,234.3,247.327
2025-01-29 14:00:00,234.4,236.0,233.7,234.8,211.58
2025-01-29 15:00:00,234.9,236.8,234.3,235.6,156.31
2025-01-29 16:00:00,235.6,235.8,233.6,233.9,85.463
2025-01-29 17:00:00,234.0,238.1,233.8,236.1,430.7
2025-01-29 18:00:00,236.4,238.8,234.6,238.2,107.259
2025-01-29 19:00:00,238.0,243.5,229.8,239.4,2161.066
2025-01-29 20:00:00,239.2,246.0,235.9,241.9,514.064
2025-01-29 21:00:00,242.0,245.4,239.5,242.1,743.583
2025-01-29 22:00:00,242.0,242.8,238.8,239.0,446.338
2025-01-29 23:00:00,238.6,239.5,234.8,235.1,188.111
2025-01-30 00:00:00,235.6,238.7,234.0,238.6,161.501
2025-01-30 01:00:00,238.1,243.0,238.0,241.7,182.005
2025-01-30 02:00:00,241.8,245.0,240.9,244.8,870.925
2025-01-30 03:00:00,245.0,248.4,244.4,247.8,230.694
2025-01-30 04:00:00,248.0,249.2,246.8,248.4,381.40999999999997
2025-01-30 05:00:00,248.6,249.6,246.8,247.7,1465.58
2025-01-30 06:00:00,247.8,248.3,246.1,246.3,318.398
2025-01-30 07:00:00,246.4,247.2,244.7,246.4,73.83
2025-01-30 08:00:00,246.6,247.7,245.7,247.3,216.916
2025-01-30 09:00:00,247.3,248.8,247.3,248.0,115.185
2025-01-30 10:00:00,248.0,249.1,246.9,249.1,155.332
2025-01-30 11:00:00,249.0,249.4,247.9,249.4,429.628
2025-01-30 12:00:00,249.4,249.6,246.9,247.4,412.921
2025-01-30 13:00:00,247.4,249.6,246.8,248.2,172.944
2025-01-30 14:00:00,248.4,250.4,246.0,249.8,970.89
2025-01-30 15:00:00,249.6,252.3,248.3,248.3,1583.734
2025-01-30 16:00:00,248.7,251.1,248.4,250.9,139.711
2025-01-30 17:00:00,250.6,250.6,247.6,248.8,193.458
2025-01-30 18:00:00,248.8,249.2,247.0,248.7,171.75
2025-01-30 19:00:00,248.8,249.0,246.4,248.6,235.935
2025-01-30 20:00:00,248.8,248.8,246.0,246.0,163.597
2025-01-30 21:00:00,246.4,248.2,246.3,248.0,92.64699999999999
2025-01-30 22:00:00,248.0,250.0,246.9,247.5,277.644
2025-01-30 23:00:00,247.6,248.4,246.1,246.2,45.186
2025-01-31 00:00:00,246.1,246.7,244.2,246.4,123.623
2025-01-31 01:00:00,246.6,246.7,244.5,245.4,89.949
2025-01-31 02:00:00,245.2,246.0,244.0,245.0,535.245
2025-01-31 03:00:00,245.0,245.1,242.6,243.3,343.591
2025-01-31 04:00:00,243.3,244.3,242.4,243.0,272.83799999999997
2025-01-31 05:00:00,243.4,245.4,243.3,245.1,246.633
2025-01-31 06:00:00,245.2,245.9,244.7,245.5,102.366
2025-01-31 07:00:00,245.6,246.1,242.9,243.2,1151.2540000000001
2025-01-31 08:00:00,243.3,243.6,242.4,242.7,685.0889999999999
2025-01-31 09:00:00,242.3,243.2,241.7,243.2,68.273
2025-01-31 10:00:00,243.0,244.0,242.5,243.6,131.267
2025-01-31 11:00:00,243.6,246.5,243.5,246.2,417.025
2025-01-31 12:00:00,246.5,248.6,245.5,248.5,662.0939999999999
2025-01-31 13:00:00,248.4,249.3,247.3,248.0,265.263
2025-01-31 14:00:00,248.0,248.1,243.7,244.1,215.541
2025-01-31 15:00:00,244.7,248.9,244.7,247.8,204.225
2025-01-31 16:00:00,247.7,247.9,245.5,246.5,140.858
2025-01-31 17:00:00,246.3,246.5,242.8,243.0,122.15700000000001
2025-01-31 18:00:00,242.9,243.2,237.7,237.9,553.1610000000001
2025-01-31 19:00:00,237.9,240.1,237.5,238.1,115.24199999999999
2025-01-31 20:00:00,238.0,238.0,235.8,237.6,759.787
2025-01-31 21:00:00,237.4,237.8,235.5,237.5,153.85399999999998
2025-01-31 22:00:00,237.2,239.1,237.0,238.5,86.054
2025-01-31 23:00:00,238.5,239.2,237.5,239.2,260.773
2025-02-01 00:00:00,239.2,240.6,238.4,239.9,374.002
2025-02-01 01:00:00,240.0,241.7,239.8,239.8,96.169
2025-02-01 02:00:00,239.9,240.9,238.9,240.3,292.177
2025-02-01 03:00:00,240.3,240.6,238.1,239.0,63.999
2025-02-01 04:00:00,238.9,239.7,238.3,239.2,236.922
2025-02-01 05:00:00,239.2,240.5,239.0,239.7,141.815
2025-02-01 06:00:00,239.7,239.7,236.6,238.7,390.523
2025-02-01 07:00:00,238.7,238.9,237.5,238.1,210.244
2025-02-01 08:00:00,238.1,238.4,235.9,237.0,137.06
2025-02-01 09:00:00,236.9,236.9,234.2,234.2,415.687
2025-02-01 10:00:00,234.4,236.0,233.5,233.8,933.278
2025-02-01 11:00:00,233.9,235.5,233.6,235.5,583.818
2025-02-01 12:00:00,235.1,236.6,234.7,236.5,120.537
2025-02-01 13:00:00,236.3,236.7,234.2,234.3,520.2729999999999
2025-02-01 14:00:00,234.1,235.4,232.4,232.6,198.262
2025-02-01 15:00:00,232.6,234.1,232.0,233.6,230.105
2025-02-01 16:00:00,233.3,234.1,231.8,232.0,727.8480000000001
2025-02-01 17:00:00,232.1,234.5,232.1,234.3,705.326
2025-02-01 18:00:00,234.3,234.3,231.2,231.4,132.9
2025-02-01 19:00:00,231.5,231.5,227.8,228.5,926.058
2025-02-01 20:00:00,228.3,228.4,222.7,225.2,1676.147
2025-02-01 21:00:00,224.4,226.2,222.5,223.1,653.567
2025-02-01 22:00:00,223.1,224.4,220.7,222.5,505.129
2025-02-01 23:00:00,222.3,222.6,219.6,219.6,1132.781
2025-02-02 00:00:00,219.5,224.5,219.1,223.9,395.637
2025-02-02 01:00:00,223.8,225.4,223.7,224.3,242.986
2025-02-02 02:00:00,224.2,224.2,220.6,220.9,375.32399999999996
2025-02-02 03:00:00,220.8,221.7,213.3,213.6,1292.188
2025-02-02 04:00:00,213.6,217.4,213.1,215.3,839.1610000000001
2025-02-02 05:00:00,215.4,219.4,214.9,219.0,428.029
2025-02-02 06:00:00,218.7,220.8,218.6,219.7,181.243
2025-02-02 07:00:00,219.6,220.0,217.8,218.6,147.195
2025-02-02 08:00:00,218.4,222.6,217.6,222.2,1112.061
2025-02-02 09:00:00,221.6,221.9,219.9,220.6,540.715
2025-02-02 10:00:00,220.5,220.5,217.8,218.8,423.836
2025-02-02 11:00:00,218.6,218.9,214.3,215.5,2294.248
2025-02-02 12:00:00,215.3,218.0,214.8,214.9,856.198
2025-02-02 13:00:00,215.0,219.6,215.0,219.6,369.125
2025-02-02 14:00:00,219.5,220.9,219.0,220.3,249.305
2025-02-02 15:00:00,220.0,220.0,216.5,218.7,261.413
2025-02-02 16:00:00,218.8,218.9,212.6,213.3,1512.566
2025-02-02 17:00:00,213.3,215.2,207.7,209.5,6675.763
2025-02-02 18:00:00,209.6,211.1,203.5,203.8,5667.061000000001
2025-02-02 19:00:00,203.9,212.8,201.2,209.8,2291.181
2025-02-02 20:00:00,209.7,213.2,208.5,209.5,419.061
2025-02-02 21:00:00,209.5,210.4,207.7,208.5,1717.358
2025-02-02 22:00:00,208.6,212.7,198.4,209.8,4751.962
2025-02-02 23:00:00,209.8,210.5,202.9,209.8,1823.5140000000001
2025-02-03 00:00:00,210.0,210.4,198.0,204.4,2783.798
2025-02-03 01:00:00,204.6,206.1,183.0,189.3,9671.985
2025-02-03 02:00:00,189.9,198.1,180.0,193.7,21885.797
2025-02-03 03:00:00,193.8,205.5,193.2,203.7,3688.567
2025-02-03 04:00:00,203.5,206.0,194.8,195.3,4287.031
2025-02-03 05:00:00,195.4,202.9,195.4,202.4,6806.869
2025-02-03 06:00:00,202.3,204.3,199.2,201.1,6871.866
2025-02-03 07:00:00,201.1,205.4,200.8,204.9,4062.26
2025-02-03 08:00:00,204.3,204.3,199.0,201.2,3054.735
2025-02-03 09:00:00,201.2,204.8,199.4,200.0,1786.3
2025-02-03 10:00:00,200.0,208.2,199.8,207.8,1505.221
2025-02-03 11:00:00,207.5,207.6,203.9,204.5,2006.757
2025-02-03 12:00:00,204.6,205.5,200.6,201.0,894.406
2025-02-03 13:00:00,201.1,202.8,199.3,200.6,796.86
2025-02-03 14:00:00,200.3,205.8,195.6,205.6,11985.759
2025-02-03 15:00:00,205.5,216.3,203.9,213.4,4921.829
2025-02-03 16:00:00,213.1,215.6,210.0,214.0,1020.5550000000001
2025-02-03 17:00:00,214.3,214.7,212.0,213.4,593.248
2025-02-03 18:00:00,212.8,218.4,211.6,218.1,777.029
2025-02-03 19:00:00,218.1,221.9,217.4,221.1,533.749
2025-02-03 20:00:00,221.7,221.7,216.9,217.6,469.87
2025-02-03 21:00:00,218.2,224.4,216.5,223.0,929.407
2025-02-03 22:00:00,223.1,225.0,221.4,224.1,872.044
2025-02-03 23:00:00,223.8,223.8,221.8,222.9,289.582
2025-02-04 00:00:00,222.8,224.4,221.6,221.7,252.983
2025-02-04 01:00:00,221.8,225.9,221.7,225.0,1190.389
2025-02-04 02:00:00,225.0,226.5,222.0,222.0,819.5540000000001
2025-02-04 03:00:00,222.1,222.9,220.3,221.8,1013.716
2025-02-04 04:00:00,222.0,222.5,219.0,219.4,1272.211
2025-02-04 05:00:00,219.5,219.7,208.0,210.0,4404.21
2025-02-04 06:00:00,210.1,213.6,210.1,212.8,509.759
2025-02-04 07:00:00,212.3,213.6,209.6,210.4,522.667
2025-02-04 08:00:00,210.0,212.2,208.4,209.8,602.032
2025-02-04 09:00:00,209.8,212.5,209.8,211.1,439.421
2025-02-04 10:00:00,210.9,215.5,210.9,214.6,1057.405
2025-02-04 11:00:00,214.2,217.4,214.0,214.2,183.279
2025-02-04 12:00:00,214.6,219.4,214.6,217.9,60.694
2025-02-04 13:00:00,217.3,219.9,216.7,216.7,285.312
2025-02-04 14:00:00,217.3,222.8,215.9,220.6,482.721
2025-02-04 15:00:00,221.2,223.3,216.4,222.4,1204.42
2025-02-04 16:00:00,222.3,224.6,221.2,221.2,1495.6499999999999
2025-02-04 17:00:00,221.1,223.6,218.9,220.3,925.2529999999999
2025-02-04 18:00:00,220.4,221.2,218.2,221.2,313.58299999999997
2025-02-04 19:00:00,221.1,224.8,214.8,214.8,1895.227
2025-02-04 20:00:00,214.7,216.8,211.7,212.5,841.6189999999999
2025-02-04 21:00:00,212.5,212.8,209.0,209.2,651.058
2025-02-04 22:00:00,209.2,212.5,208.8,211.8,268.485
2025-02-04 23:00:00,211.7,214.5,210.0,212.9,320.239
2025-02-05 00:00:00,213.1,214.5,211.9,213.1,119.843
2025-02-05 01:00:00,213.1,215.8,211.6,212.0,297.095
2025-02-05 02:00:00,211.9,214.5,211.6,214.0,94.643
2025-02-05 03:00:00,214.0,215.1,212.9,213.5,382.66900000000004
2025-02-05 04:00:00,213.8,213.8,211.2,211.6,329.679
2025-02-05 05:00:00,211.7,213.2,210.1,213.0,431.862
2025-02-05 06:00:00,212.7,214.9,210.8,211.2,1621.789
2025-02-05 07:00:00,211.1,212.4,210.5,211.6,154.744
2025-02-05 08:00:00,211.6,212.7,210.5,211.5,76.042
2025-02-05 09:00:00,211.5,212.8,209.5,210.1,1228.972
2025-02-05 10:00:00,209.9,211.9,209.7,211.0,248.222
2025-02-05 11:00:00,211.2,213.6,211.2,212.9,426.85499999999996
2025-02-05 12:00:00,213.3,214.2,211.3,211.8,467.861
2025-02-05 13:00:00,211.8,213.2,211.4,212.8,421.806
2025-02-05 14:00:00,212.9,214.4,209.9,210.8,207.448
2025-02-05 15:00:00,210.8,212.5,208.1,208.6,167.298
2025-02-05 16:00:00,208.5,208.6,204.5,206.3,277.591
2025-02-05 17:00:00,206.3,207.7,202.8,203.8,1050.558
2025-02-05 18:00:00,203.7,205.1,202.6,204.0,390.858
2025-02-05 19:00:00,204.0,206.3,203.4,205.9,148.453
2025-02-05 20:00:00,205.8,206.9,203.0,204.9,133.357
2025-02-05 21:00:00,204.8,206.4,204.4,205.1,92.574
2025-02-05 22:00:00,205.1,205.7,201.7,202.2,183.435
2025-02-05 23:00:00,202.1,203.6,201.2,202.3,763.9549999999999
2025-02-06 00:00:00,202.3,205.4,202.3,203.4,444.027
2025-02-06 01:00:00,203.5,206.4,202.5,205.9,270.072
2025-02-06 02:00:00,205.9,207.8,205.5,206.9,265.105
2025-02-06 03:00:00,206.9,207.6,205.8,207.1,931.52
2025-02-06 04:00:00,207.4,208.6,206.5,208.0,988.553
2025-02-06 05:00:00,208.1,208.9,207.0,208.2,292.445
2025-02-06 06:00:00,208.5,210.5,208.0,210.4,420.607
2025-02-06 07:00:00,210.3,210.3,208.5,208.5,114.827
2025-02-06 08:00:00,208.5,209.1,207.5,207.8,357.519
2025-02-06 09:00:00,207.8,209.7,207.3,209.3,292.5
2025-02-06 10:00:00,209.3,209.4,207.4,207.8,46.507
2025-02-06 11:00:00,208.0,208.0,205.3,206.8,605.4110000000001
2025-02-06 12:00:00,206.9,207.2,204.3,204.5,164.609
2025-02-06 13:00:00,204.7,206.9,204.4,206.7,485.459
2025-02-06 14:00:00,206.7,207.0,201.3,201.3,647.307
2025-02-06 15:00:00,201.7,202.3,196.0,197.3,2507.0460000000003
2025-02-06 16:00:00,197.3,198.7,194.9,196.0,611.685
2025-02-06 17:00:00,196.4,199.0,195.0,196.1,121.135
2025-02-06 18:00:00,195.8,197.1,194.5,196.0,267.023
2025-02-06 19:00:00,195.8,197.7,194.7,196.0,186.649
2025-02-06 20:00:00,195.6,199.2,195.6,199.2,248.40699999999998
2025-02-06 21:00:00,198.8,200.9,196.7,199.8,72.491
2025-02-06 22:00:00,199.6,199.7,196.6,196.8,57.956
2025-02-06 23:00:00,196.7,197.3,193.2,195.4,224.437
2025-02-07 00:00:00,195.4,198.6,195.3,196.1,851.033
2025-02-07 01:00:00,196.4,200.0,196.2,198.5,246.041
2025-02-07 02:00:00,198.5,201.4,198.5,201.0,437.8
2025-02-07 03:00:00,201.3,202.1,198.7,199.3,102.775
2025-02-07 04:00:00,199.7,201.7,199.5,200.4,46.446999999999996
2025-02-07 05:00:00,200.4,200.8,198.4,199.1,884.201
2025-02-07 06:00:00,198.9,199.1,195.2,197.0,494.017
2025-02-07 07:00:00,197.0,199.8,196.8,198.9,298.892
2025-02-07 08:00:00,198.7,201.3,198.1,200.4,869.048
2025-02-07 09:00:00,200.1,204.0,200.0,203.8,456.486
2025-02-07 10:00:00,203.8,204.2,202.8,203.2,93.769
2025-02-07 11:00:00,203.1,205.0,203.1,204.9,75.214
2025-02-07 12:00:00,204.9,206.4,203.4,204.9,1177.49
2025-02-07 13:00:00,204.9,207.8,202.6,207.7,1132.872
2025-02-07 14:00:00,207.6,210.2,207.1,209.8,1276.077
2025-02-07 15:00:00,209.0,209.1,202.2,204.3,1283.962
2025-02-07 16:00:00,204.6,205.4,202.6,203.6,373.868
2025-02-07 17:00:00,203.3,203.5,201.3,203.0,386.012
2025-02-07 18:00:00,203.0,205.7,202.6,204.9,107.11500000000001
2025-02-07 19:00:00,204.9,204.9,201.7,201.9,241.396
2025-02-07 20:00:00,201.9,202.0,195.5,195.7,496.57
2025-02-07 21:00:00,195.7,197.1,195.5,195.7,346.279
2025-02-07 22:00:00,195.5,196.5,194.2,196.3,1472.853
2025-02-07 23:00:00,196.4,198.9,195.8,198.6,127.406
2025-02-08 00:00:00,198.6,200.5,197.8,199.7,102.18
2025-02-08 01:00:00,199.3,200.1,198.8,199.0,105.398
2025-02-08 02:00:00,198.9,200.1,198.2,199.6,207.817
2025-02-08 03:00:00,199.8,200.7,199.1,199.5,104.436
2025-02-08 04:00:00,199.3,199.6,198.0,198.0,143.229
2025-02-08 05:00:00,198.3,198.3,196.5,196.8,226.57899999999998
2025-02-08 06:00:00,196.8,198.3,196.5,197.3,112.651
2025-02-08 07:00:00,197.0,199.7,196.1,199.2,442.445
2025-02-08 08:00:00,199.2,200.0,198.0,198.0,33.666000000000004
2025-02-08 09:00:00,198.2,200.3,198.1,200.3,107.541
2025-02-08 10:00:00,200.0,201.5,199.9,200.2,53.551
2025-02-08 11:00:00,200.0,201.1,199.7,201.1,18.293
2025-02-08 12:00:00,200.8,201.1,199.4,200.4,105.753
2025-02-08 13:00:00,200.4,203.0,200.2,201.9,149.639
2025-02-08 14:00:00,201.9,202.4,199.9,201.1,1033.835
2025-02-08 15:00:00,201.1,201.8,199.0,199.8,99.80199999999999
2025-02-08 16:00:00,200.1,202.1,199.6,201.7,283.499
2025-02-08 17:00:00,201.9,203.4,201.5,203.2,279.047
2025-02-08 18:00:00,203.3,203.9,202.3,203.1,155.839
2025-02-08 19:00:00,203.3,204.9,202.3,203.5,481.848
2025-02-08 20:00:00,203.5,204.5,203.2,204.1,217.088
2025-02-08 21:00:00,204.1,206.0,203.7,205.3,248.575
2025-02-08 22:00:00,205.6,206.5,204.5,204.8,123.352
2025-02-08 23:00:00,205.2,207.3,205.2,206.1,226.85
2025-02-09 00:00:00,206.1,207.0,205.3,207.0,90.10400000000001
2025-02-09 01:00:00,206.9,208.8,206.6,208.8,66.497
2025-02-09 02:00:00,208.8,209.2,207.7,208.6,266.84299999999996
2025-02-09 03:00:00,208.4,213.7,208.0,213.6,693.445
2025-02-09 04:00:00,213.6,213.6,211.5,212.9,424.922
2025-02-09 05:00:00,212.8,214.2,212.2,213.0,207.274
2025-02-09 06:00:00,213.3,213.5,210.9,211.6,207.405
2025-02-09 07:00:00,211.9,212.6,210.4,210.9,989.657
2025-02-09 08:00:00,211.2,211.4,210.0,210.0,504.648
2025-02-09 09:00:00,210.0,210.0,207.8,208.5,402.626
2025-02-09 10:00:00,208.5,209.1,207.8,208.3,1916.392
2025-02-09 11:00:00,208.6,209.5,208.0,208.0,147.07
2025-02-09 12:00:00,208.2,209.5,206.9,208.2,268.088
2025-02-09 13:00:00,208.1,208.5,203.2,203.3,452.849
2025-02-09 14:00:00,203.3,206.3,203.1,206.1,201.747
2025-02-09 15:00:00,206.2,208.4,206.1,207.1,425.555
2025-02-09 16:00:00,207.4,208.9,207.0,208.6,366.806
2025-02-09 17:00:00,208.6,208.9,206.3,206.5,180.75900000000001
2025-02-09 18:00:00,206.6,207.2,205.5,206.7,43.541
2025-02-09 19:00:00,206.7,207.5,204.7,205.6,27.989
2025-02-09 20:00:00,206.0,207.6,205.4,206.0,66.046
2025-02-09 21:00:00,206.3,206.5,199.4,201.5,804.799
2025-02-09 22:00:00,201.1,206.3,200.7,204.0,552.792
2025-02-09 23:00:00,203.8,207.5,203.5,207.2,156.423
2025-02-10 00:00:00,207.2,212.0,207.2,210.7,1262.561
2025-02-10 01:00:00,210.8,210.8,204.6,204.7,126.605
2025-02-10 02:00:00,204.6,205.8,202.3,205.5,934.064
2025-02-10 03:00:00,205.3,211.2,205.0,208.7,208.79600000000002
2025-02-10 04:00:00,208.9,209.9,207.4,208.0,377.587
2025-02-10 05:00:00,208.0,211.5,206.8,208.9,244.15800000000002
2025-02-10 06:00:00,209.2,210.0,208.5,210.0,108.095
2025-02-10 07:00:00,210.0,210.5,209.4,209.8,95.3
2025-02-10 08:00:00,210.0,212.4,209.6,212.3,372.017
2025-02-10 09:00:00,212.2,213.0,210.3,212.1,309.957
2025-02-10 10:00:00,212.1,212.1,209.9,210.9,349.264
2025-02-10 11:00:00,211.1,212.1,210.4,211.3,3147.813
2025-02-10 12:00:00,211.2,211.7,209.1,209.5,4823.040999999999
2025-02-10 13:00:00,209.5,215.9,209.4,215.1,503.29900000000004
2025-02-10 14:00:00,215.1,216.0,210.6,211.4,683.7429999999999
2025-02-10 15:00:00,211.4,212.8,208.1,209.7,297.133
2025-02-10 16:00:00,209.9,211.0,209.0,209.9,159.768
2025-02-10 17:00:00,209.6,210.7,208.3,210.2,529.632
2025-02-10 18:00:00,210.2,210.3,208.9,209.9,126.866
2025-02-10 19:00:00,209.7,210.4,207.7,207.9,311.145
2025-02-10 20:00:00,207.9,209.7,207.6,207.7,277.102
2025-02-10 21:00:00,207.8,208.0,206.7,206.7,55.535
2025-02-10 22:00:00,206.7,207.7,206.1,206.6,87.465
2025-02-10 23:00:00,206.4,207.4,205.1,207.0,709.7399999999999
2025-02-11 00:00:00,206.8,209.4,206.5,208.4,134.264
2025-02-11 01:00:00,208.8,211.5,207.9,210.4,1302.977
2025-02-11 02:00:00,210.7,210.7,207.2,208.0,95.396
2025-02-11 03:00:00,208.0,208.1,207.2,207.7,1194.465
2025-02-11 04:00:00,207.7,210.6,207.3,210.4,899.697
2025-02-11 05:00:00,210.6,212.3,209.9,211.8,1246.999
2025-02-11 06:00:00,211.9,213.1,210.4,212.3,416.653
2025-02-11 07:00:00,212.5,212.5,211.1,211.1,504.33500000000004
2025-02-11 08:00:00,211.1,212.7,210.7,211.5,667.526
2025-02-11 09:00:00,211.7,211.9,209.5,209.6,1500.779
2025-02-11 10:00:00,209.9,210.1,207.9,209.0,436.947
2025-02-11 11:00:00,209.2,210.1,208.7,210.0,330.535
2025-02-11 12:00:00,210.1,210.3,208.0,209.1,432.529
2025-02-11 13:00:00,208.9,209.4,204.2,204.8,906.822
2025-02-11 14:00:00,204.7,206.8,204.5,206.5,495.522
2025-02-11 15:00:00,206.5,207.8,205.0,205.9,181.754
2025-02-11 16:00:00,205.7,206.7,204.6,204.6,492.116
2025-02-11 17:00:00,204.8,206.1,203.4,205.2,400.192
2025-02-11 18:00:00,205.4,205.4,202.6,203.0,343.485
2025-02-11 19:00:00,203.2,203.7,201.6,202.1,150.514
2025-02-11 20:00:00,202.0,204.2,202.0,203.1,84.047
2025-02-11 21:00:00,203.5,205.3,203.1,204.8,19.002
2025-02-11 22:00:00,205.0,206.2,202.8,203.3,79.097
2025-02-11 23:00:00,203.4,205.4,203.3,204.8,237.30700000000002
2025-02-12 00:00:00,204.5,205.3,203.2,204.9,2021.7
2025-02-12 01:00:00,204.9,205.2,203.1,204.2,168.34799999999998
2025-02-12 02:00:00,204.2,204.2,201.2,202.2,363.353
2025-02-12 03:00:00,202.2,202.3,200.3,201.0,535.617
2025-02-12 04:00:00,200.7,201.6,200.0,201.0,61.421
2025-02-12 05:00:00,201.1,202.9,200.7,202.2,384.707
2025-02-12 06:00:00,202.4,202.4,199.9,200.4,178.996
2025-02-12 07:00:00,200.4,202.8,200.2,201.6,716.837
2025-02-12 08:00:00,201.5,203.3,201.5,202.8,368.899
2025-02-12 09:00:00,202.8,203.7,201.9,203.3,224.247
2025-02-12 10:00:00,203.2,203.6,202.3,202.5,166.694
2025-02-12 11:00:00,202.7,204.6,202.5,204.1,503.697
2025-02-12 12:00:00,204.1,204.7,203.2,203.2,188.461
2025-02-12 13:00:00,203.2,205.2,195.9,198.3,2623.18
2025-02-12 14:00:00,198.4,200.0,194.8,199.8,475.04400000000004
2025-02-12 15:00:00,200.0,200.4,196.3,198.6,761.019
2025-02-12 16:00:00,198.3,201.5,195.8,201.2,392.363
2025-02-12 17:00:00,201.6,203.2,200.6,201.6,271.082
2025-02-12 18:00:00,201.6,201.7,199.1,199.6,781.098
2025-02-12 19:00:00,199.6,200.2,197.6,200.1,332.976
2025-02-12 20:00:00,200.1,202.1,199.4,201.0,270.854
2025-02-12 21:00:00,201.1,203.1,200.3,202.2,261.277
2025-02-12 22:00:00,202.1,205.0,202.1,203.4,302.531
2025-02-12 23:00:00,203.5,204.0,202.1,203.3,81.592
2025-02-13 00:00:00,203.1,203.1,200.6,201.9,323.65000000000003
2025-02-13 01:00:00,202.3,204.4,202.0,204.2,868.5980000000001
2025-02-13 02:00:00,204.3,204.5,202.9,203.3,442.38300000000004
2025-02-13 03:00:00,203.3,204.8,203.3,204.7,378.485
2025-02-13 04:00:00,204.9,205.1,201.9,202.3,1208.53
2025-02-13 05:00:00,202.3,203.2,201.5,201.7,226.506
2025-02-13 06:00:00,201.6,202.4,199.9,200.1,291.978
2025-02-13 07:00:00,199.9,200.8,199.5,199.7,275.027
2025-02-13 08:00:00,199.6,200.2,198.5,198.8,593.104
2025-02-13 09:00:00,198.8,200.1,198.6,199.6,1425.076
2025-02-13 10:00:00,199.6,200.1,198.8,198.9,905.907
2025-02-13 11:00:00,198.9,199.3,197.4,198.0,956.305
2025-02-13 12:00:00,198.0,199.1,196.8,197.3,777.168
2025-02-13 13:00:00,197.3,200.0,196.4,197.3,1759.637
2025-02-13 14:00:00,197.1,197.9,195.2,197.4,397.712
2025-02-13 15:00:00,197.2,199.6,196.1,198.2,756.682
2025-02-13 16:00:00,198.0,198.2,196.4,197.2,450.181
2025-02-13 17:00:00,197.2,199.1,197.2,198.0,164.172
2025-02-13 18:00:00,198.3,199.7,197.7,199.5,142.94400000000002
2025-02-13 19:00:00,199.5,201.2,198.6,199.2,75.37599999999999
2025-02-13 20:00:00,199.3,201.8,199.3,201.0,79.959
2025-02-13 21:00:00,201.0,202.0,200.6,201.5,429.358
2025-02-13 22:00:00,201.6,201.8,200.5,200.5,87.858
2025-02-13 23:00:00,200.7,201.2,200.4,201.1,38.254
2025-02-14 00:00:00,201.0,202.5,200.8,202.5,1593.021
2025-02-14 01:00:00,202.6,202.8,201.6,202.4,229.185
2025-02-14 02:00:00,202.4,203.3,202.4,202.4,50.291
2025-02-14 03:00:00,202.5,204.1,202.3,203.8,505.906
2025-02-14 04:00:00,203.8,204.2,202.0,202.1,74.593
2025-02-14 05:00:00,202.3,202.8,201.1,202.2,239.441
2025-02-14 06:00:00,202.2,203.0,202.0,202.8,34.432
2025-02-14 07:00:00,202.9,203.7,202.9,203.2,232.817
2025-02-14 08:00:00,203.5,205.0,203.1,204.3,363.069
2025-02-14 09:00:00,204.3,206.7,204.0,206.7,8118.658
2025-02-14 10:00:00,206.7,208.0,206.5,207.4,526.231
2025-02-14 11:00:00,207.5,208.4,205.6,206.4,154.947
2025-02-14 12:00:00,206.2,206.3,203.7,204.0,320.338
2025-02-14 13:00:00,203.9,205.0,203.1,204.7,121.337
2025-02-14 14:00:00,204.7,207.4,203.6,206.5,194.636
2025-02-14 15:00:00,206.8,209.0,205.1,207.6,847.174
2025-02-14 16:00:00,207.8,208.9,205.8,208.5,462.927
2025-02-14 17:00:00,208.4,212.1,207.8,211.6,717.785
2025-02-14 18:00:00,212.0,212.2,209.4,209.6,328.428
2025-02-14 19:00:00,209.8,210.5,207.8,208.5,85.174
2025-02-14 20:00:00,208.3,209.2,207.8,208.0,42.318
2025-02-14 21:00:00,207.9,208.7,206.6,208.5,111.454
2025-02-14 22:00:00,208.5,208.5,205.0,206.4,1655.994
2025-02-14 23:00:00,206.5,206.9,205.4,206.5,266.267
2025-02-15 00:00:00,206.4,206.4,203.7,205.0,942.332
2025-02-15 01:00:00,205.0,206.7,204.9,206.7,172.615
2025-02-15 02:00:00,206.6,207.3,205.5,206.3,60.799
2025-02-15 03:00:00,206.1,207.0,205.0,205.5,170.669
2025-02-15 04:00:00,205.5,206.1,204.2,204.5,208.638
2025-02-15 05:00:00,204.5,204.8,204.0,204.3,155.192
2025-02-15 06:00:00,204.3,204.3,202.7,202.7,67.815
2025-02-15 07:00:00,202.8,203.7,202.2,203.1,116.767
2025-02-15 08:00:00,202.8,203.6,202.8,203.0,82.571
2025-02-15 09:00:00,202.9,203.6,202.2,202.4,452.59499999999997
2025-02-15 10:00:00,202.2,202.4,200.8,202.1,157.659
2025-02-15 11:00:00,201.8,202.4,201.0,201.7,137.286
2025-02-15 12:00:00,201.6,203.1,201.4,202.9,105.567
2025-02-15 13:00:00,202.7,202.9,201.9,201.9,141.005
2025-02-15 14:00:00,201.8,201.9,200.1,201.2,437.928
2025-02-15 15:00:00,201.1,201.5,200.4,201.3,69.093
2025-02-15 16:00:00,201.6,202.0,200.8,201.2,359.973
2025-02-15 17:00:00,201.0,201.6,200.0,200.4,347.775
2025-02-15 18:00:00,200.4,201.8,200.3,201.6,36.269
2025-02-15 19:00:00,201.6,201.7,200.8,201.0,17.735
2025-02-15 20:00:00,201.0,201.2,199.2,199.8,407.091
2025-02-15 21:00:00,200.1,201.0,199.9,201.0,21.881
2025-02-15 22:00:00,201.0,201.6,200.3,201.0,9.974
2025-02-15 23:00:00,201.0,201.8,199.7,201.2,541.103
2025-02-16 00:00:00,201.1,202.3,201.1,201.8,147.052
2025-02-16 01:00:00,201.8,201.8,200.3,201.8,43.467
2025-02-16 02:00:00,201.8,201.9,200.2,200.3,28.466
2025-02-16 03:00:00,200.1,201.5,199.8,201.4,23.042
2025-02-16 04:00:00,201.5,202.0,201.2,201.4,39.660000000000004
2025-02-16 05:00:00,201.4,202.6,201.1,202.0,97.328
2025-02-16 06:00:00,202.1,203.3,202.0,202.2,2750.855
2025-02-16 07:00:00,202.2,202.2,199.1,199.6,203.584
2025-02-16 08:00:00,199.8,200.6,199.4,200.0,74.017
2025-02-16 09:00:00,199.9,200.6,199.0,200.6,182.084
2025-02-16 10:00:00,200.6,200.8,199.7,199.8,320.43399999999997
2025-02-16 11:00:00,199.8,200.8,199.6,200.4,606.674
2025-02-16 12:00:00,200.6,200.6,199.2,199.5,330.656
2025-02-16 13:00:00,199.4,199.6,196.9,197.4,1067.711
2025-02-16 14:00:00,197.4,197.8,196.1,196.6,570.053
2025-02-16 15:00:00,196.6,197.3,196.5,197.0,479.554
2025-02-16 16:00:00,197.0,198.0,196.5,197.0,256.043
2025-02-16 17:00:00,196.9,197.8,196.3,196.6,264.117
2025-02-16 18:00:00,196.6,196.8,194.4,195.8,646.731
2025-02-16 19:00:00,195.8,196.1,194.2,195.8,87.057
2025-02-16 20:00:00,195.8,196.3,194.3,194.9,2451.406
2025-02-16 21:00:00,194.8,196.1,192.4,195.3,884.291
2025-02-16 22:00:00,195.6,195.8,193.9,195.2,434.85400000000004
2025-02-16 23:00:00,194.6,195.7,194.1,195.1,133.411
2025-02-17 00:00:00,194.9,196.0,194.1,195.2,5378.8060000000005
2025-02-17 01:00:00,195.3,196.1,193.2,195.6,889.619
2025-02-17 02:00:00,195.5,195.9,193.3,193.5,258.635
2025-02-17 03:00:00,193.4,193.5,191.5,193.0,553.297
2025-02-17 04:00:00,192.7,192.9,189.7,189.9,1494.458
2025-02-17 05:00:00,189.6,190.4,187.0,190.1,3326.284
2025-02-17 06:00:00,190.4,191.1,188.9,189.6,1149.472
2025-02-17 07:00:00,189.6,190.0,187.1,187.5,6198.689
2025-02-17 08:00:00,187.5,190.2,187.2,190.1,783.95
2025-02-17 09:00:00,190.0,191.4,189.9,190.5,659.607
2025-02-17 10:00:00,190.4,191.8,188.4,189.7,1478.883
2025-02-17 11:00:00,189.6,190.7,189.2,190.4,480.167
2025-02-17 12:00:00,190.5,193.2,190.5,192.2,2547.519
2025-02-17 13:00:00,192.1,192.2,191.3,191.3,445.722
2025-02-17 14:00:00,191.4,193.3,189.9,190.5,1785.28
2025-02-17 15:00:00,190.6,191.0,185.8,186.5,2615.618
2025-02-17 16:00:00,186.2,187.6,183.3,184.5,5471.295
2025-02-17 17:00:00,184.6,185.3,183.5,183.5,889.755
2025-02-17 18:00:00,183.5,184.5,180.9,181.6,1264.797
2025-02-17 19:00:00,181.5,183.9,180.9,183.1,396.308
2025-02-17 20:00:00,183.1,185.5,183.0,184.6,479.849
2025-02-17 21:00:00,184.7,187.3,184.6,187.3,554.866
2025-02-17 22:00:00,187.4,187.4,184.8,184.8,530.54
2025-02-17 23:00:00,184.8,185.4,182.5,183.6,557.1750000000001
2025-02-18 00:00:00,183.5,184.0,181.3,182.8,396.609
2025-02-18 01:00:00,182.8,184.4,182.4,184.2,528.803
2025-02-18 02:00:00,184.1,184.6,183.3,184.1,652.544
2025-02-18 03:00:00,184.3,185.1,183.6,184.0,579.598
2025-02-18 04:00:00,183.8,183.9,181.6,181.8,621.695
2025-02-18 05:00:00,181.6,181.6,177.2,178.2,6082.46
2025-02-18 06:00:00,178.0,178.1,170.1,171.1,9300.402
2025-02-18 07:00:00,170.9,173.9,168.5,171.1,3056.313
2025-02-18 08:00:00,171.3,172.5,169.0,169.5,6632.614
2025-02-18 09:00:00,169.4,175.9,168.8,175.9,1343.711
2025-02-18 10:00:00,175.5,177.0,173.4,173.7,466.261
2025-02-18 11:00:00,173.7,175.0,173.3,174.5,524.1320000000001
2025-02-18 12:00:00,174.3,177.4,174.0,176.7,595.663
2025-02-18 13:00:00,176.6,176.6,174.3,175.4,956.556
2025-02-18 14:00:00,175.5,176.8,171.1,172.8,5047.447
2025-02-18 15:00:00,172.9,173.2,170.2,171.6,1998.43
2025-02-18 16:00:00,171.5,172.9,167.8,167.9,1640.589
2025-02-18 17:00:00,168.1,170.0,166.6,169.1,966.096
2025-02-18 18:00:00,168.8,171.4,168.7,170.0,2179.32
2025-02-18 19:00:00,169.7,171.8,168.8,171.0,704.281
2025-02-18 20:00:00,171.1,172.5,169.8,170.2,852.092
2025-02-18 21:00:00,170.2,174.6,170.2,173.4,894.427
2025-02-18 22:00:00,173.4,175.7,173.0,173.7,571.696
2025-02-18 23:00:00,173.7,175.5,173.1,175.3,151.39
2025-02-19 00:00:00,175.4,176.9,174.5,174.6,416.072
2025-02-19 01:00:00,174.7,174.7,173.0,174.4,414.314
2025-02-19 02:00:00,174.4,176.0,174.1,175.3,755.818
2025-02-19 03:00:00,174.9,174.9,172.4,173.4,487.879
2025-02-19 04:00:00,173.4,173.7,169.7,170.1,698.839
2025-02-19 05:00:00,169.9,173.1,169.9,173.0,403.945
2025-02-19 06:00:00,172.9,174.3,172.4,174.0,560.761
2025-02-19 07:00:00,173.9,175.9,173.9,175.1,380.463
2025-02-19 08:00:00,175.1,176.3,174.7,174.7,121.51400000000001
2025-02-19 09:00:00,174.5,177.5,174.5,177.0,565.717
2025-02-19 10:00:00,176.8,178.4,176.6,178.3,465.616
2025-02-19 11:00:00,178.1,180.4,178.1,180.1,3462.34
2025-02-19 12:00:00,180.1,180.2,177.7,177.7,461.87899999999996
2025-02-19 13:00:00,177.7,178.8,176.8,177.6,402.992
2025-02-19 14:00:00,177.7,178.0,174.5,174.6,430.657
2025-02-19 15:00:00,174.8,177.4,174.3,175.6,803.312
2025-02-19 16:00:00,175.8,177.7,175.7,177.7,98.27000000000001
2025-02-19 17:00:00,177.5,179.5,176.7,177.1,170.93
2025-02-19 18:00:00,176.7,177.6,175.5,175.7,150.787
2025-02-19 19:00:00,175.4,176.6,174.0,174.7,322.968
2025-02-19 20:00:00,174.5,175.4,172.8,172.9,303.854
2025-02-19 21:00:00,173.1,174.1,172.5,172.7,806.6750000000001
2025-02-19 22:00:00,172.7,174.6,172.7,173.8,217.981
2025-02-19 23:00:00,173.9,176.0,173.8,175.0,442.002
2025-02-20 00:00:00,175.0,176.5,173.8,176.1,304.78
2025-02-20 01:00:00,176.1,176.7,173.9,174.2,467.031
2025-02-20 02:00:00,174.4,178.5,174.4,178.0,3230.4469999999997
2025-02-20 03:00:00,178.3,179.0,176.8,178.7,978.488
2025-02-20 04:00:00,178.7,181.2,178.7,179.2,331.376
2025-02-20 05:00:00,179.0,179.5,178.4,178.5,560.37
2025-02-20 06:00:00,178.5,178.7,177.5,177.8,311.762
2025-02-20 07:00:00,177.9,178.3,177.0,178.0,176.085
2025-02-20 08:00:00,177.9,178.7,177.1,178.4,368.551
2025-02-20 09:00:00,178.4,178.7,177.8,178.2,119.363
2025-02-20 10:00:00,178.1,180.2,178.1,180.2,352.303
2025-02-20 11:00:00,180.1,181.5,179.5,180.3,644.0169999999999
2025-02-20 12:00:00,180.5,181.1,179.5,179.8,294.30199999999996
2025-02-20 13:00:00,179.8,180.1,178.8,180.1,141.919
2025-02-20 14:00:00,180.1,183.0,178.6,178.8,719.995
2025-02-20 15:00:00,179.0,179.6,177.5,177.8,659.1039999999999
2025-02-20 16:00:00,177.8,179.6,177.5,177.9,451.795
2025-02-20 17:00:00,178.0,179.7,177.8,179.6,196.676
2025-02-20 18:00:00,179.6,181.3,179.6,180.5,303.88
2025-02-20 19:00:00,180.5,181.6,180.3,181.2,146.072
2025-02-20 20:00:00,181.2,182.1,180.4,180.8,321.88100000000003
2025-02-20 21:00:00,181.0,181.0,179.4,179.6,400.26
2025-02-20 22:00:00,179.5,180.6,179.4,180.3,168.091
2025-02-20 23:00:00,180.3,182.7,180.2,182.3,259.163
2025-02-21 00:00:00,182.2,182.7,180.3,180.6,188.65
2025-02-21 01:00:00,180.7,180.9,179.6,180.5,347.777
2025-02-21 02:00:00,180.4,181.0,179.1,179.5,303.531
2025-02-21 03:00:00,179.5,180.7,179.3,179.4,91.236
2025-02-21 04:00:00,179.5,181.2,179.4,180.1,265.17499999999995
2025-02-21 05:00:00,180.3,181.8,180.1,181.4,165.736
2025-02-21 06:00:00,181.3,182.7,181.2,182.3,155.313
2025-02-21 07:00:00,182.2,183.1,181.6,182.1,398.07599999999996
2025-02-21 08:00:00,182.3,183.7,182.2,182.7,344.096
2025-02-21 09:00:00,182.7,186.7,182.5,183.9,1827.871
2025-02-21 10:00:00,183.9,186.5,183.5,186.0,594.226
2025-02-21 11:00:00,185.8,185.8,183.4,183.5,309.444
2025-02-21 12:00:00,183.7,184.8,183.3,184.7,436.178
2025-02-21 13:00:00,184.7,187.0,184.1,186.5,769.932
2025-02-21 14:00:00,186.4,186.4,182.6,184.1,720.096
2025-02-21 15:00:00,184.0,184.9,176.5,179.1,2257.958
2025-02-21 16:00:00,179.3,181.7,178.7,180.9,679.466
2025-02-21 17:00:00,180.9,181.7,176.8,177.8,757.33
2025-02-21 18:00:00,177.6,178.5,177.0,177.8,301.162
2025-02-21 19:00:00,177.7,177.7,174.2,174.3,1019.965
2025-02-21 20:00:00,174.3,175.8,174.3,175.3,312.209
2025-02-21 21:00:00,175.8,176.0,173.0,174.3,390.292
2025-02-21 22:00:00,174.3,175.1,173.2,174.6,814.886
2025-02-21 23:00:00,174.6,175.2,173.7,174.8,252.182
2025-02-22 00:00:00,174.4,177.0,174.0,176.7,958.272
2025-02-22 01:00:00,176.7,178.7,176.3,178.0,570.277
2025-02-22 02:00:00,178.0,178.0,176.5,177.1,74.895
2025-02-22 03:00:00,177.2,177.5,176.0,176.5,287.36199999999997
2025-02-22 04:00:00,176.5,177.9,176.2,177.8,94.484
2025-02-22 05:00:00,177.8,178.5,177.3,178.1,79.476
2025-02-22 06:00:00,178.2,178.5,176.9,177.1,348.235
2025-02-22 07:00:00,177.2,178.9,177.2,177.9,102.613
2025-02-22 08:00:00,177.9,178.6,177.5,177.5,217.518
2025-02-22 09:00:00,177.6,179.6,177.5,179.6,241.448
2025-02-22 10:00:00,179.6,180.3,179.3,179.4,734.788
2025-02-22 11:00:00,179.4,180.1,179.2,179.8,96.367
2025-02-22 12:00:00,179.8,180.3,178.9,180.1,122.935
2025-02-22 13:00:00,180.2,180.9,178.9,179.1,157.643
2025-02-22 14:00:00,179.1,180.1,179.1,179.7,217.45
2025-02-22 15:00:00,179.7,180.7,179.6,180.5,146.059
2025-02-22 16:00:00,180.5,180.8,178.9,179.0,190.862
2025-02-22 17:00:00,179.0,179.7,178.5,179.5,157.07399999999998
2025-02-22 18:00:00,179.5,180.3,178.9,179.2,169.036
2025-02-22 19:00:00,179.0,179.4,178.6,178.8,149.277
2025-02-22 20:00:00,178.7,178.9,178.0,178.8,113.577
2025-02-22 21:00:00,178.6,179.3,178.6,179.2,122.806
2025-02-22 22:00:00,179.3,179.8,178.8,178.8,81.771
2025-02-22 23:00:00,178.7,178.9,178.1,178.3,283.377
2025-02-23 00:00:00,178.3,178.5,177.3,178.0,348.662
2025-02-23 01:00:00,178.0,178.1,176.8,177.3,150.453
2025-02-23 02:00:00,177.2,177.4,176.4,176.4,422.609
2025-02-23 03:00:00,176.5,177.0,176.3,176.7,292.178
2025-02-23 04:00:00,176.7,177.2,176.0,176.9,94.843
2025-02-23 05:00:00,177.0,177.3,176.4,176.8,63.367
2025-02-23 06:00:00,176.9,177.7,176.5,177.7,118.734
2025-02-23 07:00:00,177.7,179.3,177.4,179.1,381.876
2025-02-23 08:00:00,179.1,179.1,177.9,178.4,175.481
2025-02-23 09:00:00,178.4,178.5,177.0,177.6,60.544000000000004
2025-02-23 10:00:00,177.4,177.6,176.2,177.2,630.0409999999999
2025-02-23 11:00:00,177.1,177.5,175.6,175.7,343.38000000000005
2025-02-23 12:00:00,175.6,176.0,174.4,175.0,542.991
2025-02-23 13:00:00,175.1,176.0,174.9,175.6,103.328
2025-02-23 14:00:00,175.8,176.0,174.5,174.9,315.69100000000003
2025-02-23 15:00:00,174.9,175.4,172.7,172.7,643.754
2025-02-23 16:00:00,172.8,174.0,172.8,172.9,594.647
2025-02-23 17:00:00,172.9,174.5,172.9,174.3,273.363
2025-02-23 18:00:00,174.2,174.8,173.9,173.9,242.58
2025-02-23 19:00:00,174.0,174.1,173.5,173.7,232.511
2025-02-23 20:00:00,173.6,173.9,173.0,173.7,234.68
2025-02-23 21:00:00,173.8,174.3,173.3,174.2,155.549
2025-02-23 22:00:00,174.3,174.3,172.5,173.5,89.475
2025-02-23 23:00:00,173.5,175.0,173.2,174.2,378.629
2025-02-24 00:00:00,174.2,175.8,172.6,172.6,459.907
2025-02-24 01:00:00,172.6,172.8,169.2,169.5,996.883
2025-02-24 02:00:00,169.5,170.9,168.4,168.6,1006.262
2025-02-24 03:00:00,168.4,168.5,166.4,166.7,1047.4279999999999
2025-02-24 04:00:00,166.5,167.0,162.9,164.5,1820.82
2025-02-24 05:00:00,164.5,166.1,163.5,165.6,830.76
2025-02-24 06:00:00,165.6,166.6,163.4,166.3,9249.845
2025-02-24 07:00:00,166.4,167.4,166.4,166.7,916.539
2025-02-24 08:00:00,166.6,166.7,163.3,163.6,1407.675
2025-02-24 09:00:00,163.5,166.0,162.7,163.7,953.847
2025-02-24 10:00:00,163.8,164.1,160.8,162.4,7555.58
2025-02-24 11:00:00,162.4,165.1,161.4,164.9,860.599
2025-02-24 12:00:00,164.9,165.3,164.0,164.9,331.443
2025-02-24 13:00:00,164.8,166.0,163.5,163.6,1041.81
2025-02-24 14:00:00,163.7,164.4,159.7,160.9,15872.119
2025-02-24 15:00:00,160.8,161.3,155.9,158.0,24330.409
2025-02-24 16:00:00,157.8,159.4,157.2,158.4,6732.83
2025-02-24 17:00:00,158.4,160.5,157.9,159.4,925.908
2025-02-24 18:00:00,159.5,159.9,156.7,157.0,1036.902
2025-02-24 19:00:00,157.1,157.8,153.2,155.4,2616.2580000000003
2025-02-24 20:00:00,155.4,158.0,154.9,156.1,2380.727
2025-02-24 21:00:00,156.1,157.7,154.7,155.4,1732.879
2025-02-24 22:00:00,155.3,155.3,142.5,145.2,9960.008
2025-02-24 23:00:00,145.2,149.4,144.3,146.6,8130.378
2025-02-25 00:00:00,146.6,149.2,143.2,145.8,6531.211
2025-02-25 01:00:00,145.8,147.5,142.9,145.0,9505.03
2025-02-25 02:00:00,145.1,147.6,142.8,146.4,4235.792
2025-02-25 03:00:00,146.2,147.0,143.5,143.7,1110.733
2025-02-25 04:00:00,143.8,144.6,140.7,142.9,9046.874
2025-02-25 05:00:00,142.6,146.5,141.8,145.9,1914.686
2025-02-25 06:00:00,146.1,146.6,143.1,143.2,3640.664
2025-02-25 07:00:00,143.3,143.8,137.6,141.0,15577.671
2025-02-25 08:00:00,140.9,144.4,140.5,142.3,3117.25
2025-02-25 09:00:00,142.2,143.1,138.2,139.2,7511.458
2025-02-25 10:00:00,139.0,142.5,136.6,141.6,5771.354
2025-02-25 11:00:00,141.4,146.3,139.7,146.0,6282.314
2025-02-25 12:00:00,146.1,146.8,143.1,144.7,2344.5099999999998
2025-02-25 13:00:00,144.7,145.9,142.3,143.3,1420.08
2025-02-25 14:00:00,142.9,144.8,140.1,140.6,2142.326
2025-02-25 15:00:00,140.6,146.2,139.3,143.8,5560.714
2025-02-25 16:00:00,143.8,150.1,142.9,147.9,2779.784
2025-02-25 17:00:00,148.0,150.1,147.2,147.8,1121.551
2025-02-25 18:00:00,147.8,149.0,145.4,145.9,572.134
2025-02-25 19:00:00,146.0,150.8,145.5,150.6,911.5740000000001
2025-02-25 20:00:00,150.5,151.2,148.5,149.8,1636.56
2025-02-25 21:00:00,149.7,151.2,148.4,151.2,358.55400000000003
2025-02-25 22:00:00,150.8,152.2,148.8,150.1,267.242
2025-02-25 23:00:00,150.1,151.1,149.2,149.4,856.126
2025-02-26 00:00:00,149.7,149.9,146.8,146.8,1407.3750000000002
2025-02-26 01:00:00,146.9,148.5,146.9,147.9,430.411
2025-02-26 02:00:00,147.8,148.8,146.6,148.6,643.217
2025-02-26 03:00:00,148.5,150.3,147.8,148.5,2744.305
2025-02-26 04:00:00,148.5,149.8,147.6,147.6,374.909
2025-02-26 05:00:00,147.7,148.2,146.2,146.2,426.069
2025-02-26 06:00:00,146.1,147.5,146.1,147.5,314.842
2025-02-26 07:00:00,147.5,147.6,144.7,145.3,316.836
2025-02-26 08:00:00,145.3,145.8,144.1,145.4,683.783
2025-02-26 09:00:00,145.3,147.1,145.2,146.8,8126.106
2025-02-26 10:00:00,146.9,146.9,145.2,145.9,282.634
2025-02-26 11:00:00,145.8,145.8,143.0,143.1,781.603
2025-02-26 12:00:00,142.9,143.5,141.2,141.8,766.442
2025-02-26 13:00:00,141.8,142.3,140.9,141.3,1066.417
2025-02-26 14:00:00,141.3,143.2,139.4,143.2,3654.538
2025-02-26 15:00:00,143.3,145.4,142.9,144.1,1546.375
2025-02-26 16:00:00,144.2,144.7,142.1,142.1,2088.079
2025-02-26 17:00:00,142.0,142.6,138.0,138.8,1902.368
2025-02-26 18:00:00,139.0,139.7,135.3,135.9,3394.6349999999998
2025-02-26 19:00:00,135.9,138.3,135.5,136.6,2974.542
2025-02-26 20:00:00,136.6,140.4,135.6,139.8,1887.1870000000001
2025-02-26 21:00:00,140.2,141.6,138.7,141.0,1133.517
2025-02-26 22:00:00,141.1,142.8,140.2,140.5,1643.432
2025-02-26 23:00:00,140.6,141.3,139.3,140.1,525.267
2025-02-27 00:00:00,140.1,141.9,139.7,141.1,343.773
2025-02-27 01:00:00,140.9,143.2,139.9,141.8,1407.502
2025-02-27 02:00:00,141.8,143.7,140.0,140.7,1242.897
2025-02-27 03:00:00,140.7,143.9,140.3,143.6,780.373
2025-02-27 04:00:00,143.6,144.3,141.9,142.7,459.062
2025-02-27 05:00:00,142.9,144.9,142.8,144.6,366.156
2025-02-27 06:00:00,144.6,148.0,144.6,147.2,772.492
2025-02-27 07:00:00,147.2,147.4,146.1,146.4,611.481
2025-02-27 08:00:00,146.0,146.0,144.2,144.5,330.874
2025-02-27 09:00:00,144.7,146.4,144.7,145.5,388.096
2025-02-27 10:00:00,145.7,147.4,145.5,147.4,257.935
2025-02-27 11:00:00,147.4,147.5,145.0,145.5,685.457
2025-02-27 12:00:00,145.6,146.1,144.5,145.3,379.18399999999997
2025-02-27 13:00:00,145.3,146.3,144.3,144.4,635.048
2025-02-27 14:00:00,144.4,145.2,142.1,142.2,1220.233
2025-02-27 15:00:00,142.0,145.8,141.3,144.6,676.449
2025-02-27 16:00:00,144.7,145.1,141.7,141.9,472.418
2025-02-27 17:00:00,141.9,143.8,141.7,143.7,692.602
2025-02-27 18:00:00,143.8,144.7,143.4,143.5,314.882
2025-02-27 19:00:00,143.4,143.6,140.5,141.1,366.29699999999997
2025-02-27 20:00:00,140.9,142.0,139.6,141.5,585.467
2025-02-27 21:00:00,141.7,143.1,140.1,142.3,592.563
2025-02-27 22:00:00,142.2,143.1,141.0,143.1,389.113
2025-02-27 23:00:00,142.8,142.9,141.9,142.6,372.967
2025-02-28 00:00:00,142.8,143.0,141.0,141.0,370.596
2025-02-28 01:00:00,140.9,141.6,135.1,136.4,3046.031
2025-02-28 02:00:00,136.1,137.5,131.8,133.9,4761.53
2025-02-28 03:00:00,134.0,135.7,131.9,132.3,1604.031
2025-02-28 04:00:00,132.2,133.8,129.1,132.8,4451.928
2025-02-28 05:00:00,132.8,133.4,130.9,132.6,1129.737
2025-02-28 06:00:00,132.6,133.3,130.5,132.5,902.419
2025-02-28 07:00:00,132.5,134.2,132.0,133.1,534.138
2025-02-28 08:00:00,132.8,136.0,132.6,135.9,864.393
2025-02-28 09:00:00,135.6,138.0,135.5,137.3,1760.544
2025-02-28 10:00:00,137.3,137.4,134.8,135.1,412.978
2025-02-28 11:00:00,135.2,139.4,135.2,138.4,424.72900000000004
2025-02-28 12:00:00,138.3,140.6,137.8,140.6,1036.759
2025-02-28 13:00:00,140.6,144.6,140.2,142.9,1541.377
2025-02-28 14:00:00,142.8,152.5,142.8,149.5,4077.802
2025-02-28 15:00:00,149.6,153.1,149.0,150.9,1795.276
2025-02-28 16:00:00,151.0,151.8,149.6,150.4,755.978
2025-02-28 17:00:00,150.5,151.8,149.0,149.5,1138.848
2025-02-28 18:00:00,149.5,152.4,149.5,151.6,692.626
2025-02-28 19:00:00,151.8,152.6,151.4,151.7,340.691
2025-02-28 20:00:00,151.7,152.2,149.9,151.1,1328.027
2025-02-28 21:00:00,150.9,153.6,150.8,153.2,281.242
2025-02-28 22:00:00,153.3,153.3,151.6,152.1,477.55
2025-02-28 23:00:00,152.1,154.0,151.8,153.6,347.279
