timestamp,BTC/USDT,ETH/USDT,XRP/USDT,LTC/USDT,BCH/USDT
2021-01-16 10:00:00,37410.66,1213.47,0.28673,146.69,499.79
2021-01-16 11:00:00,37680.0,1219.0,0.29187,149.19,503.26
2021-01-16 12:00:00,37357.15,1217.52,0.29015,148.74,501.45
2021-01-16 13:00:00,37143.51,1231.28,0.28709,147.57,500.49
2021-01-16 14:00:00,37232.19,1238.99,0.2868,147.73,498.51
2021-01-16 15:00:00,37461.99,1276.27,0.28783,149.95,506.31
2021-01-16 16:00:00,37231.41,1265.87,0.28603,148.79,505.87
2021-01-16 17:00:00,36860.97,1253.51,0.2835,146.7,498.69
2021-01-16 18:00:00,36484.95,1231.38,0.28078,144.54,490.22
2021-01-16 19:00:00,36376.39,1252.59,0.28367,145.83,496.65
2021-01-16 20:00:00,36711.16,1273.7,0.28361,147.28,500.41
2021-01-16 21:00:00,35924.44,1234.89,0.27949,144.04,489.09
2021-01-16 22:00:00,36121.12,1231.93,0.27971,144.63,490.79
2021-01-16 23:00:00,35994.98,1227.83,0.27924,143.52,489.74
2021-01-17 00:00:00,36396.42,1235.64,0.28125,145.27,493.92
2021-01-17 01:00:00,36715.63,1250.75,0.28559,146.96,495.5
2021-01-17 02:00:00,36419.68,1245.35,0.28274,145.27,489.04
2021-01-17 03:00:00,36177.0,1241.2,0.28157,143.92,487.95
2021-01-17 04:00:00,35847.46,1223.32,0.27922,142.26,483.86
2021-01-17 05:00:00,35547.13,1215.42,0.27744,141.51,476.27
2021-01-17 06:00:00,35390.8,1213.0,0.27715,141.45,475.21
2021-01-17 07:00:00,34760.9,1182.6,0.27322,139.02,471.27
2021-01-17 08:00:00,34732.83,1196.54,0.2734,139.42,470.12
2021-01-17 09:00:00,34176.77,1180.53,0.27008,137.6,465.17
2021-01-17 10:00:00,34818.0,1202.35,0.27332,141.34,473.14
2021-01-17 11:00:00,35267.17,1219.52,0.27503,142.17,478.05
2021-01-17 12:00:00,35124.69,1212.87,0.27495,141.27,475.19
2021-01-17 13:00:00,34841.83,1198.86,0.27321,139.55,471.7
2021-01-17 14:00:00,34750.02,1198.58,0.27225,139.71,471.12
2021-01-17 15:00:00,35728.47,1241.17,0.27659,142.31,479.82
2021-01-17 16:00:00,35910.07,1239.35,0.27729,143.17,478.94
2021-01-17 17:00:00,35837.22,1232.21,0.27679,143.58,480.47
2021-01-17 18:00:00,35678.67,1226.55,0.27678,142.57,478.14
2021-01-17 19:00:00,35633.91,1218.3,0.27511,141.78,476.15
2021-01-17 20:00:00,36072.99,1237.58,0.2781,143.49,482.09
2021-01-17 21:00:00,36542.96,1261.3,0.28068,145.45,488.21
2021-01-17 22:00:00,36181.16,1245.99,0.278,143.72,484.24
2021-01-17 23:00:00,35828.61,1232.45,0.27746,142.8,479.37
2021-01-18 00:00:00,35964.2,1242.66,0.27752,143.58,482.04
2021-01-18 01:00:00,36125.44,1239.52,0.27803,144.31,489.02
2021-01-18 02:00:00,35764.66,1221.33,0.27483,141.34,480.36
2021-01-18 03:00:00,35106.25,1194.07,0.27295,139.49,473.02
2021-01-18 04:00:00,35132.11,1201.94,0.27345,139.59,473.13
2021-01-18 05:00:00,35344.5,1207.84,0.27463,140.53,475.82
2021-01-18 06:00:00,35195.45,1198.07,0.27393,139.66,472.89
2021-01-18 07:00:00,36104.61,1219.62,0.2777,142.67,478.78
2021-01-18 08:00:00,36233.19,1223.15,0.28318,142.81,481.25
2021-01-18 09:00:00,36574.61,1230.56,0.288,142.52,484.61
2021-01-18 10:00:00,36216.63,1223.73,0.28301,141.18,479.35
2021-01-18 11:00:00,36442.08,1225.43,0.28408,141.95,481.58
2021-01-18 12:00:00,36981.4,1243.75,0.2855,154.61,507.65
2021-01-18 13:00:00,36766.78,1243.99,0.28448,151.33,495.95
2021-01-18 14:00:00,36449.71,1237.03,0.28407,149.62,494.55
2021-01-18 15:00:00,36405.98,1240.36,0.28411,151.28,496.82
2021-01-18 16:00:00,36184.31,1230.01,0.2819,148.15,489.81
2021-01-18 17:00:00,35675.28,1218.58,0.27889,147.2,484.95
2021-01-18 18:00:00,35755.62,1218.29,0.27905,148.28,487.9
2021-01-18 19:00:00,35956.14,1227.67,0.28176,148.08,488.8
2021-01-18 20:00:00,36102.79,1226.08,0.28167,148.51,490.23
2021-01-18 21:00:00,36198.01,1233.22,0.28204,148.91,492.52
2021-01-18 22:00:00,36470.06,1240.9,0.28338,149.18,495.83
2021-01-18 23:00:00,36631.27,1258.45,0.28528,151.96,508.95
2021-01-19 00:00:00,36676.89,1261.56,0.28557,151.13,507.07
2021-01-19 01:00:00,36922.44,1316.9,0.2894,155.66,516.2
2021-01-19 02:00:00,36804.11,1339.25,0.28849,158.74,524.37
2021-01-19 03:00:00,36465.3,1321.5,0.29111,158.55,515.71
2021-01-19 04:00:00,36284.71,1303.87,0.2901,156.44,513.65
2021-01-19 05:00:00,36251.18,1321.27,0.32091,157.53,516.58
2021-01-19 06:00:00,36599.55,1330.11,0.31016,158.8,519.19
2021-01-19 07:00:00,37168.82,1375.0,0.30635,164.27,527.99
2021-01-19 08:00:00,37197.72,1375.56,0.30739,163.09,528.29
2021-01-19 09:00:00,37040.04,1379.55,0.30452,161.35,524.61
2021-01-19 10:00:00,37110.6,1385.27,0.30147,161.16,525.38
2021-01-19 11:00:00,37266.49,1429.56,0.30203,164.27,534.05
2021-01-19 12:00:00,36782.17,1386.07,0.30424,158.88,521.32
2021-01-19 13:00:00,37082.52,1417.31,0.30721,162.2,532.55
2021-01-19 14:00:00,36992.33,1406.44,0.3028,159.84,528.38
2021-01-19 15:00:00,37329.4,1413.95,0.30792,161.74,542.09
2021-01-19 16:00:00,37366.1,1422.93,0.3053,159.74,535.72
2021-01-19 17:00:00,37162.4,1416.13,0.30475,160.4,535.56
2021-01-19 18:00:00,36500.0,1368.44,0.29674,156.3,515.22
2021-01-19 19:00:00,36279.82,1359.6,0.29978,156.76,518.72
2021-01-19 20:00:00,36436.26,1383.91,0.30414,158.39,523.37
2021-01-19 21:00:00,36452.22,1409.43,0.303,158.53,522.49
2021-01-19 22:00:00,36632.82,1409.73,0.29984,158.47,525.38
2021-01-19 23:00:00,35891.49,1365.36,0.29396,151.86,507.04
2021-01-20 00:00:00,36314.04,1405.0,0.29779,155.88,516.97
2021-01-20 01:00:00,36105.27,1385.59,0.29495,152.99,510.71
2021-01-20 02:00:00,36080.9,1398.04,0.2926,154.27,511.18
2021-01-20 03:00:00,35062.49,1344.03,0.28555,148.3,495.35
2021-01-20 04:00:00,35251.36,1356.11,0.28817,150.2,500.33
2021-01-20 05:00:00,35477.18,1368.14,0.29035,151.06,502.89
2021-01-20 06:00:00,35262.93,1348.93,0.28894,149.93,499.13
2021-01-20 07:00:00,35677.14,1369.92,0.29746,151.4,503.86
2021-01-20 08:00:00,35475.45,1349.97,0.29657,150.08,501.36
2021-01-20 09:00:00,34801.83,1310.0,0.28709,146.84,491.42
2021-01-20 10:00:00,34721.51,1303.17,0.2876,146.61,490.15
2021-01-20 11:00:00,34426.17,1265.39,0.2848,142.7,480.11
2021-01-20 12:00:00,34717.66,1293.26,0.28879,144.2,485.61
2021-01-20 13:00:00,34958.56,1310.43,0.28968,146.31,490.8
2021-01-20 14:00:00,34873.96,1303.39,0.28783,143.85,485.49
2021-01-20 15:00:00,34192.17,1273.29,0.28467,141.23,477.61
2021-01-20 16:00:00,34693.65,1311.32,0.28959,146.16,491.56
2021-01-20 17:00:00,34849.99,1311.52,0.2898,146.45,488.59
2021-01-20 18:00:00,35250.61,1317.99,0.29072,146.99,491.99
2021-01-20 19:00:00,35197.12,1345.8,0.29117,148.42,496.33
2021-01-20 20:00:00,34957.15,1332.15,0.29221,146.53,493.27
2021-01-20 21:00:00,34892.89,1323.1,0.2944,146.69,494.67
2021-01-20 22:00:00,34954.86,1333.84,0.29206,148.29,493.56
2021-01-20 23:00:00,35468.23,1376.99,0.29539,149.69,496.95
2021-01-21 00:00:00,35293.21,1363.48,0.2943,148.49,493.34
2021-01-21 01:00:00,34784.69,1336.8,0.29152,146.28,487.63
2021-01-21 02:00:00,34560.12,1329.0,0.29951,144.47,485.1
2021-01-21 03:00:00,34571.09,1326.5,0.2945,144.51,484.74
2021-01-21 04:00:00,34246.48,1287.34,0.29302,141.69,474.77
2021-01-21 05:00:00,34562.7,1305.55,0.29462,142.45,478.64
2021-01-21 06:00:00,34661.83,1308.65,0.29644,143.45,480.09
2021-01-21 07:00:00,34624.27,1309.62,0.29601,143.25,479.65
2021-01-21 08:00:00,33239.0,1261.1,0.2858,136.64,457.92
2021-01-21 09:00:00,32878.33,1261.06,0.28376,136.31,455.78
2021-01-21 10:00:00,32826.62,1249.48,0.28552,135.95,452.54
2021-01-21 11:00:00,32208.62,1236.31,0.28305,133.92,445.38
2021-01-21 12:00:00,32475.34,1242.2,0.28146,136.1,451.49
2021-01-21 13:00:00,32304.44,1237.43,0.28116,134.13,449.57
2021-01-21 14:00:00,31180.19,1204.41,0.27409,131.96,441.21
2021-01-21 15:00:00,31384.09,1188.68,0.27551,131.21,438.4
2021-01-21 16:00:00,31083.5,1170.41,0.26957,131.31,429.81
2021-01-21 17:00:00,31912.38,1195.58,0.2752,133.82,439.98
2021-01-21 18:00:00,31742.68,1191.1,0.27443,133.14,436.6
2021-01-21 19:00:00,32468.66,1231.18,0.27764,134.77,444.58
2021-01-21 20:00:00,31883.01,1205.18,0.27555,133.5,438.84
2021-01-21 21:00:00,31229.71,1171.91,0.2735,131.79,435.35
2021-01-21 22:00:00,30913.18,1135.53,0.26867,131.25,422.08
2021-01-21 23:00:00,30850.13,1110.96,0.26802,129.72,418.68
2021-01-22 00:00:00,29528.31,1066.54,0.25214,126.69,404.5
2021-01-22 01:00:00,30068.29,1125.12,0.25811,129.51,409.94
2021-01-22 02:00:00,30710.91,1157.59,0.26398,134.49,420.31
2021-01-22 03:00:00,30943.4,1160.73,0.26735,134.9,414.27
2021-01-22 04:00:00,30919.6,1158.57,0.2675,133.77,418.38
2021-01-22 05:00:00,31800.93,1174.28,0.2683,137.14,422.77
2021-01-22 06:00:00,31542.75,1162.92,0.26894,135.87,421.11
2021-01-22 07:00:00,30842.45,1143.58,0.26421,135.14,414.98
2021-01-22 08:00:00,31526.3,1164.13,0.26784,139.28,421.62
2021-01-22 09:00:00,31414.59,1171.24,0.2656,138.96,424.73
2021-01-22 10:00:00,31386.37,1177.41,0.26653,139.72,430.16
2021-01-22 11:00:00,31710.88,1197.57,0.27085,139.47,429.93
2021-01-22 12:00:00,31550.0,1203.92,0.26956,140.09,431.09
2021-01-22 13:00:00,32141.8,1219.45,0.27204,140.04,434.75
2021-01-22 14:00:00,32516.74,1232.9,0.27547,139.78,443.83
2021-01-22 15:00:00,32458.42,1232.88,0.27401,140.27,443.76
2021-01-22 16:00:00,32377.56,1238.28,0.27279,138.6,440.68
2021-01-22 17:00:00,32329.25,1234.08,0.27286,138.32,441.08
2021-01-22 18:00:00,33277.32,1261.71,0.27578,140.1,446.57
2021-01-22 19:00:00,33589.52,1267.61,0.27563,140.43,448.3
2021-01-22 20:00:00,33503.2,1248.85,0.27516,139.56,445.14
2021-01-22 21:00:00,33290.01,1243.31,0.27349,137.93,442.49
2021-01-22 22:00:00,32835.29,1225.01,0.26971,136.92,438.68
2021-01-22 23:00:00,32945.17,1232.62,0.27217,137.66,439.79
2021-01-23 00:00:00,32702.18,1228.06,0.28215,137.12,437.0
2021-01-23 01:00:00,32706.76,1232.79,0.27622,137.19,431.95
2021-01-23 02:00:00,32256.17,1219.29,0.27492,136.08,427.04
2021-01-23 03:00:00,32365.01,1231.67,0.27718,137.09,430.87
2021-01-23 04:00:00,32582.01,1247.82,0.2773,141.07,433.58
2021-01-23 05:00:00,33350.6,1263.54,0.27875,141.11,437.72
2021-01-23 06:00:00,32820.11,1253.45,0.2768,139.86,435.34
2021-01-23 07:00:00,32931.18,1259.62,0.27933,141.01,440.33
2021-01-23 08:00:00,32943.24,1266.43,0.27914,142.06,441.11
2021-01-23 09:00:00,32453.56,1256.01,0.27305,140.64,435.66
2021-01-23 10:00:00,32344.37,1246.46,0.27247,138.91,430.38
2021-01-23 11:00:00,31645.49,1219.07,0.2678,136.86,421.44
2021-01-23 12:00:00,31602.63,1217.84,0.26799,137.07,422.08
2021-01-23 13:00:00,31865.19,1231.92,0.26992,138.37,427.25
2021-01-23 14:00:00,31721.74,1219.15,0.26984,138.14,425.07
2021-01-23 15:00:00,31877.1,1230.26,0.27101,138.79,427.99
2021-01-23 16:00:00,32121.84,1242.92,0.27151,138.89,427.25
2021-01-23 17:00:00,32239.09,1252.99,0.27212,139.77,429.91
2021-01-23 18:00:00,32167.48,1249.09,0.27185,139.28,430.41
2021-01-23 19:00:00,32348.79,1257.83,0.27297,139.65,434.05
2021-01-23 20:00:00,32191.33,1251.15,0.27258,139.23,433.28
2021-01-23 21:00:00,32344.22,1246.2,0.27214,138.84,432.46
2021-01-23 22:00:00,32049.97,1236.0,0.27114,137.23,430.41
2021-01-23 23:00:00,32078.0,1233.6,0.27167,137.67,431.36
2021-01-24 00:00:00,31876.35,1232.01,0.27099,137.35,431.15
2021-01-24 01:00:00,31863.84,1237.64,0.27113,136.89,427.21
2021-01-24 02:00:00,32096.04,1257.06,0.27191,139.08,430.5
2021-01-24 03:00:00,32480.05,1293.33,0.27526,140.68,434.81
2021-01-24 04:00:00,32811.05,1319.9,0.27484,141.49,438.79
2021-01-24 05:00:00,32871.98,1326.0,0.2763,142.07,441.43
2021-01-24 06:00:00,32757.02,1320.09,0.27519,140.37,437.89
2021-01-24 07:00:00,32801.15,1314.74,0.27496,141.52,439.08
2021-01-24 08:00:00,32630.48,1325.08,0.2741,140.45,437.06
2021-01-24 09:00:00,32641.58,1340.56,0.27438,141.61,439.4
2021-01-24 10:00:00,32693.74,1339.98,0.27529,141.63,447.92
2021-01-24 11:00:00,32833.37,1342.97,0.2761,141.56,445.5
2021-01-24 12:00:00,32362.31,1325.07,0.27332,138.47,434.99
2021-01-24 13:00:00,32227.29,1322.43,0.27424,138.47,435.52
2021-01-24 14:00:00,32055.71,1304.56,0.27248,137.44,431.69
2021-01-24 15:00:00,31957.05,1320.5,0.27225,138.01,434.47
2021-01-24 16:00:00,31729.07,1328.36,0.27216,137.11,427.71
2021-01-24 17:00:00,31851.6,1357.52,0.2741,138.45,433.72
2021-01-24 18:00:00,31831.67,1348.84,0.27386,138.17,432.62
2021-01-24 19:00:00,31306.29,1326.37,0.27071,135.92,425.59
2021-01-24 20:00:00,31673.26,1342.9,0.27151,137.3,430.46
2021-01-24 21:00:00,31909.46,1352.15,0.27161,138.18,431.64
2021-01-24 22:00:00,32127.97,1367.99,0.27204,139.4,433.93
2021-01-24 23:00:00,32259.9,1392.51,0.27339,141.01,439.52
2021-01-25 00:00:00,32574.71,1456.96,0.27599,145.56,449.06
2021-01-25 01:00:00,32864.98,1433.42,0.27765,145.2,452.46
2021-01-25 02:00:00,32768.23,1428.72,0.27638,144.88,450.07
2021-01-25 03:00:00,33568.18,1426.91,0.27956,146.98,455.22
2021-01-25 04:00:00,33378.93,1423.02,0.27809,145.29,451.22
2021-01-25 05:00:00,33331.13,1440.46,0.27828,145.63,455.74
2021-01-25 06:00:00,33496.22,1426.59,0.2796,144.92,454.47
2021-01-25 07:00:00,33346.95,1424.61,0.27815,144.17,452.08
2021-01-25 08:00:00,33448.21,1422.97,0.27732,143.65,452.9
2021-01-25 09:00:00,32979.1,1390.77,0.27349,140.63,444.02
2021-01-25 10:00:00,33117.43,1402.63,0.27449,142.09,448.01
2021-01-25 11:00:00,33185.26,1411.18,0.27479,142.08,449.37
2021-01-25 12:00:00,34180.01,1426.06,0.27729,145.29,458.04
2021-01-25 13:00:00,34544.49,1416.76,0.27677,145.31,460.68
2021-01-25 14:00:00,34467.43,1405.66,0.27754,144.07,455.05
2021-01-25 15:00:00,34458.31,1434.87,0.27794,145.52,459.56
2021-01-25 16:00:00,33910.96,1405.5,0.27442,142.7,450.14
2021-01-25 17:00:00,33784.36,1398.98,0.27418,142.66,451.57
2021-01-25 18:00:00,33672.46,1375.58,0.27285,141.25,448.55
2021-01-25 19:00:00,33411.54,1382.87,0.27259,141.24,445.51
2021-01-25 20:00:00,33470.2,1370.0,0.27268,140.4,445.11
2021-01-25 21:00:00,32718.08,1347.38,0.27201,138.82,438.41
2021-01-25 22:00:00,32462.36,1327.87,0.26972,137.6,435.86
2021-01-25 23:00:00,32254.2,1317.88,0.26757,137.07,432.28
2021-01-26 00:00:00,32474.33,1367.83,0.26836,138.78,436.36
2021-01-26 01:00:00,32758.85,1378.38,0.27093,139.03,438.03
2021-01-26 02:00:00,32307.97,1350.24,0.26874,137.16,433.09
2021-01-26 03:00:00,31518.66,1312.8,0.26384,134.48,425.36
2021-01-26 04:00:00,32000.01,1339.28,0.26675,136.24,427.5
2021-01-26 05:00:00,32062.32,1338.77,0.26784,136.51,430.44
2021-01-26 06:00:00,31581.73,1314.44,0.26569,134.93,424.33
2021-01-26 07:00:00,31643.61,1317.41,0.26602,135.04,425.59
2021-01-26 08:00:00,31896.97,1328.96,0.26833,135.08,430.65
2021-01-26 09:00:00,31804.77,1315.31,0.2657,134.23,428.26
2021-01-26 10:00:00,32246.68,1336.72,0.26687,136.23,433.57
2021-01-26 11:00:00,31796.95,1313.46,0.26542,134.95,431.55
2021-01-26 12:00:00,31296.94,1272.83,0.26281,132.02,423.42
2021-01-26 13:00:00,31718.97,1285.49,0.26279,133.06,424.74
2021-01-26 14:00:00,31257.73,1259.47,0.26039,129.79,418.03
2021-01-26 15:00:00,31750.23,1279.95,0.26266,131.0,421.1
2021-01-26 16:00:00,31985.3,1308.35,0.26441,133.52,425.87
2021-01-26 17:00:00,32184.36,1329.39,0.26625,134.99,429.05
2021-01-26 18:00:00,32224.5,1332.82,0.2663,133.99,429.36
2021-01-26 19:00:00,32208.33,1341.94,0.26672,134.23,427.31
2021-01-26 20:00:00,31986.99,1336.71,0.26602,133.51,425.51
2021-01-26 21:00:00,31987.13,1333.83,0.26623,133.44,422.66
2021-01-26 22:00:00,32733.81,1361.01,0.26839,135.29,429.44
2021-01-26 23:00:00,32467.77,1365.97,0.26834,134.67,427.46
2021-01-27 00:00:00,32335.7,1346.31,0.26745,134.28,426.82
2021-01-27 01:00:00,32084.6,1319.53,0.26548,132.54,420.32
2021-01-27 02:00:00,31802.36,1301.6,0.26409,131.12,414.83
2021-01-27 03:00:00,31800.86,1309.0,0.26458,131.54,416.72
2021-01-27 04:00:00,31864.36,1309.67,0.26462,130.96,415.18
2021-01-27 05:00:00,31503.41,1284.01,0.26178,129.26,406.83
2021-01-27 06:00:00,31669.98,1292.27,0.2633,130.4,407.58
2021-01-27 07:00:00,31743.33,1293.36,0.26342,130.51,407.5
2021-01-27 08:00:00,31172.11,1261.53,0.25908,125.81,393.33
2021-01-27 09:00:00,31201.05,1271.01,0.25623,126.87,396.61
2021-01-27 10:00:00,31376.9,1275.99,0.25637,126.34,397.82
2021-01-27 11:00:00,30639.05,1249.02,0.25207,124.04,389.4
2021-01-27 12:00:00,30759.03,1264.73,0.25334,124.8,394.5
2021-01-27 13:00:00,30275.3,1236.09,0.25014,122.46,383.45
2021-01-27 14:00:00,29573.15,1224.82,0.2462,120.73,376.8
2021-01-27 15:00:00,30322.61,1281.08,0.25251,124.96,382.69
2021-01-27 16:00:00,30529.57,1267.72,0.25249,123.63,382.39
2021-01-27 17:00:00,30514.34,1257.24,0.25135,122.98,374.29
2021-01-27 18:00:00,29709.79,1225.55,0.24772,121.36,370.77
2021-01-27 19:00:00,30740.33,1268.77,0.25294,123.07,379.53
2021-01-27 20:00:00,31520.2,1287.61,0.25596,126.9,384.97
2021-01-27 21:00:00,30958.0,1274.54,0.2551,123.8,381.65
2021-01-27 22:00:00,30519.93,1249.96,0.25273,124.68,380.22
2021-01-27 23:00:00,30366.15,1239.03,0.25039,122.44,377.17
2021-01-28 00:00:00,30671.86,1258.62,0.25149,125.06,379.84
2021-01-28 01:00:00,30881.94,1265.74,0.25307,125.23,382.0
2021-01-28 02:00:00,30981.72,1268.59,0.2535,124.85,384.69
2021-01-28 03:00:00,31404.25,1287.59,0.25582,126.92,391.21
2021-01-28 04:00:00,31300.73,1282.76,0.25606,127.03,391.15
2021-01-28 05:00:00,31729.16,1301.42,0.2585,129.77,393.25
2021-01-28 06:00:00,31564.58,1304.03,0.25899,129.35,392.96
2021-01-28 07:00:00,31170.53,1284.88,0.25716,128.45,388.77
2021-01-28 08:00:00,31070.47,1277.27,0.25628,128.97,389.15
2021-01-28 09:00:00,31466.91,1301.77,0.25631,130.67,394.3
2021-01-28 10:00:00,31490.29,1299.62,0.25752,130.45,391.61
2021-01-28 11:00:00,31437.37,1302.55,0.2574,129.54,391.98
2021-01-28 12:00:00,31477.95,1318.89,0.25989,129.71,395.53
2021-01-28 13:00:00,31775.12,1343.0,0.26198,131.26,396.71
2021-01-28 14:00:00,31830.53,1346.89,0.26122,130.07,392.95
2021-01-28 15:00:00,31926.49,1350.43,0.2634,130.92,396.82
2021-01-28 16:00:00,32425.71,1351.41,0.26295,131.03,395.96
2021-01-28 17:00:00,32281.49,1336.41,0.25913,130.06,393.0
2021-01-28 18:00:00,32633.68,1339.81,0.26027,130.92,394.64
2021-01-28 19:00:00,32564.71,1332.24,0.26024,130.22,393.48
2021-01-28 20:00:00,32577.96,1331.48,0.26081,130.38,393.57
2021-01-28 21:00:00,33183.53,1347.63,0.26222,132.72,401.59
2021-01-28 22:00:00,33469.67,1349.31,0.26531,134.03,410.02
2021-01-28 23:00:00,33364.86,1329.69,0.26407,133.27,404.75
2021-01-29 00:00:00,34150.23,1367.7,0.27148,138.59,414.26
2021-01-29 01:00:00,33906.57,1343.41,0.26706,136.15,410.81
2021-01-29 02:00:00,33969.2,1340.68,0.26714,135.33,408.94
2021-01-29 03:00:00,33733.58,1320.82,0.26359,134.72,402.54
2021-01-29 04:00:00,33062.82,1305.59,0.2785,133.13,398.32
2021-01-29 05:00:00,32980.32,1302.9,0.2997,134.75,411.06
2021-01-29 06:00:00,32483.74,1301.47,0.28074,133.7,402.36
2021-01-29 07:00:00,32266.35,1315.9,0.27814,132.87,402.81
2021-01-29 08:00:00,36240.24,1375.82,0.28296,139.89,415.8
2021-01-29 09:00:00,36877.16,1369.93,0.28147,141.06,424.36
2021-01-29 10:00:00,36617.23,1378.12,0.28589,141.15,422.11
2021-01-29 11:00:00,37025.32,1416.96,0.28411,141.68,424.13
2021-01-29 12:00:00,37840.07,1419.72,0.28341,144.35,428.2
2021-01-29 13:00:00,38250.03,1424.74,0.292,144.33,430.2
2021-01-29 14:00:00,37058.49,1392.22,0.28702,140.93,423.21
2021-01-29 15:00:00,37129.4,1396.18,0.2872,142.77,424.49
2021-01-29 16:00:00,36039.18,1375.72,0.28125,138.43,417.38
2021-01-29 17:00:00,35741.23,1372.52,0.285,136.53,411.36
2021-01-29 18:00:00,35202.46,1352.92,0.28568,136.06,407.98
2021-01-29 19:00:00,34318.57,1348.3,0.28287,135.42,405.07
2021-01-29 20:00:00,34574.61,1348.76,0.28116,134.88,404.59
2021-01-29 21:00:00,34635.53,1372.07,0.28988,136.13,406.14
2021-01-29 22:00:00,34485.98,1396.19,0.2851,135.76,407.96
2021-01-29 23:00:00,34252.2,1379.5,0.2829,134.65,407.03
2021-01-30 00:00:00,34250.1,1366.57,0.29284,133.65,403.69
2021-01-30 01:00:00,34123.05,1369.69,0.2911,133.12,405.54
2021-01-30 02:00:00,33862.51,1346.65,0.28529,132.72,400.79
2021-01-30 03:00:00,33273.36,1342.71,0.28452,130.21,395.44
2021-01-30 04:00:00,33503.13,1343.13,0.29346,130.44,396.54
2021-01-30 05:00:00,33503.72,1336.82,0.29168,129.84,397.26
2021-01-30 06:00:00,33809.79,1347.02,0.29219,131.26,398.68
2021-01-30 07:00:00,34046.8,1346.87,0.29307,131.43,400.25
2021-01-30 08:00:00,33887.5,1342.37,0.299,130.57,397.7
2021-01-30 09:00:00,34253.18,1345.19,0.30863,130.84,398.81
2021-01-30 10:00:00,34299.82,1352.3,0.33321,132.5,415.03
2021-01-30 11:00:00,33660.4,1340.01,0.31734,130.29,403.39
2021-01-30 12:00:00,33751.77,1338.6,0.31473,129.75,399.96
2021-01-30 13:00:00,34237.69,1364.91,0.33593,131.64,409.65
2021-01-30 14:00:00,34234.73,1367.47,0.34686,134.63,411.19
2021-01-30 15:00:00,34210.2,1371.27,0.38196,132.98,412.66
2021-01-30 16:00:00,33956.7,1358.43,0.41972,133.46,415.17
2021-01-30 17:00:00,34253.67,1370.43,0.39757,133.08,411.42
2021-01-30 18:00:00,34340.0,1376.37,0.38694,133.96,415.68
2021-01-30 19:00:00,34286.5,1371.51,0.41425,133.61,414.88
2021-01-30 20:00:00,34154.63,1376.63,0.379,133.08,412.02
2021-01-30 21:00:00,34675.53,1384.25,0.40174,134.04,414.85
2021-01-30 22:00:00,34526.13,1385.43,0.41631,133.36,412.97
2021-01-30 23:00:00,34262.88,1378.05,0.44372,133.36,417.02
2021-01-31 00:00:00,34066.84,1367.24,0.42845,132.28,410.63
2021-01-31 01:00:00,34194.0,1372.02,0.42983,134.39,414.07
2021-01-31 02:00:00,33750.0,1359.3,0.41861,132.34,408.76
2021-01-31 03:00:00,33930.21,1357.49,0.39612,131.77,406.81
2021-01-31 04:00:00,34034.31,1361.76,0.40498,131.94,406.16
2021-01-31 05:00:00,33756.39,1350.49,0.41469,130.61,401.91
2021-01-31 06:00:00,33655.86,1348.99,0.42712,130.85,400.91
2021-01-31 07:00:00,33607.98,1346.28,0.44202,130.84,401.58
2021-01-31 08:00:00,33596.72,1348.5,0.44453,131.14,402.38
2021-01-31 09:00:00,33301.7,1340.21,0.46646,130.29,402.26
2021-01-31 10:00:00,33653.68,1352.1,0.49838,131.24,409.28
2021-01-31 11:00:00,33563.23,1354.29,0.49208,131.3,409.38
2021-01-31 12:00:00,33974.05,1359.29,0.48733,132.01,409.77
2021-01-31 13:00:00,33692.92,1349.08,0.49905,131.04,407.3
2021-01-31 14:00:00,33330.71,1331.12,0.46946,129.99,401.71
2021-01-31 15:00:00,32862.66,1311.1,0.47778,126.91,396.27
2021-01-31 16:00:00,32891.86,1312.51,0.45639,128.25,397.79
2021-01-31 17:00:00,32302.31,1289.96,0.45575,126.38,392.51
2021-01-31 18:00:00,32450.3,1288.24,0.44253,126.36,391.05
2021-01-31 19:00:00,32808.8,1305.0,0.47042,128.1,395.81
2021-01-31 20:00:00,32853.73,1309.46,0.46335,127.67,396.62
2021-01-31 21:00:00,32560.73,1294.44,0.47938,127.59,396.59
2021-01-31 22:00:00,32974.1,1311.1,0.4918,128.41,399.18
2021-01-31 23:00:00,33092.98,1312.55,0.49507,129.36,399.3
2021-02-01 00:00:00,32546.27,1279.97,0.47337,127.35,391.28
2021-02-01 01:00:00,33430.29,1318.54,0.48054,130.23,398.64
2021-02-01 02:00:00,33649.73,1318.15,0.48545,130.04,400.64
2021-02-01 03:00:00,33573.97,1316.92,0.5545,130.36,401.56
2021-02-01 04:00:00,33558.25,1314.96,0.5735,130.34,405.14
2021-02-01 05:00:00,33755.4,1320.48,0.58022,131.34,410.61
2021-02-01 06:00:00,33518.89,1309.67,0.5812,130.73,408.1
2021-02-01 07:00:00,33803.97,1316.67,0.6278,130.78,410.12
2021-02-01 08:00:00,34477.31,1331.98,0.65469,133.21,416.77
2021-02-01 09:00:00,34354.47,1328.61,0.66083,133.57,414.99
2021-02-01 10:00:00,34163.28,1324.65,0.72536,132.68,413.79
2021-02-01 11:00:00,34183.33,1336.41,0.61516,134.72,432.0
2021-02-01 12:00:00,33770.23,1330.1,0.58305,132.42,419.9
2021-02-01 13:00:00,33702.25,1327.27,0.46791,130.7,412.94
2021-02-01 14:00:00,33532.81,1314.28,0.43424,129.16,410.1
2021-02-01 15:00:00,33160.17,1301.73,0.42235,128.44,406.88
2021-02-01 16:00:00,33460.83,1309.18,0.38802,129.06,408.88
2021-02-01 17:00:00,33978.31,1318.49,0.40278,130.45,409.68
2021-02-01 18:00:00,33731.52,1326.0,0.38636,130.73,406.43
2021-02-01 19:00:00,33838.13,1332.74,0.39209,131.31,407.72
2021-02-01 20:00:00,33831.55,1336.03,0.41309,131.0,408.87
2021-02-01 21:00:00,33658.67,1350.12,0.39081,132.0,412.14
2021-02-01 22:00:00,33539.39,1357.36,0.38899,132.56,412.16
2021-02-01 23:00:00,33526.37,1374.17,0.37106,132.0,414.48
2021-02-02 00:00:00,33763.07,1380.61,0.35968,134.51,415.85
2021-02-02 01:00:00,33744.71,1381.43,0.35037,134.36,418.04
2021-02-02 02:00:00,33646.0,1372.67,0.39122,133.7,413.72
2021-02-02 03:00:00,33550.32,1368.79,0.37236,133.26,412.57
2021-02-02 04:00:00,33876.37,1380.87,0.38184,134.5,414.53
2021-02-02 05:00:00,33992.83,1388.08,0.38001,134.67,416.01
2021-02-02 06:00:00,34295.01,1405.0,0.36559,135.38,416.34
2021-02-02 07:00:00,34223.38,1415.0,0.36395,137.27,421.83
2021-02-02 08:00:00,34663.87,1451.29,0.37356,139.59,422.75
2021-02-02 09:00:00,35334.04,1436.82,0.37058,141.58,425.92
2021-02-02 10:00:00,35160.24,1439.65,0.38365,141.39,426.26
2021-02-02 11:00:00,34720.15,1419.58,0.39106,139.1,421.3
2021-02-02 12:00:00,34779.91,1424.81,0.38883,140.75,423.14
2021-02-02 13:00:00,34844.73,1426.81,0.3841,143.29,425.7
2021-02-02 14:00:00,34793.99,1432.48,0.38453,143.73,423.58
2021-02-02 15:00:00,34708.47,1427.87,0.38061,145.3,423.9
2021-02-02 16:00:00,34964.52,1493.51,0.38139,143.94,429.37
2021-02-02 17:00:00,34851.47,1472.94,0.37715,143.26,426.67
2021-02-02 18:00:00,35264.21,1490.29,0.37326,143.85,426.79
2021-02-02 19:00:00,35762.03,1516.13,0.37893,145.49,429.18
2021-02-02 20:00:00,35786.51,1532.49,0.36467,144.13,429.45
2021-02-02 21:00:00,35653.07,1519.22,0.36874,142.05,427.32
2021-02-02 22:00:00,35572.36,1534.46,0.3684,144.78,431.8
2021-02-02 23:00:00,35466.24,1511.87,0.37254,141.98,430.31
2021-02-03 00:00:00,36135.01,1519.39,0.38407,149.78,434.9
2021-02-03 01:00:00,35879.27,1519.21,0.38688,147.95,433.46
2021-02-03 02:00:00,35889.37,1529.12,0.38398,152.46,437.5
2021-02-03 03:00:00,36403.47,1539.57,0.38122,153.45,439.76
2021-02-03 04:00:00,36628.85,1554.16,0.3853,153.17,438.87
2021-02-03 05:00:00,36460.12,1543.0,0.38322,152.19,437.3
2021-02-03 06:00:00,36535.9,1566.0,0.37885,152.94,441.91
2021-02-03 07:00:00,36297.57,1547.09,0.38293,152.28,437.1
2021-02-03 08:00:00,36010.09,1530.14,0.38633,150.74,434.13
2021-02-03 09:00:00,35851.19,1529.03,0.38047,150.9,434.47
2021-02-03 10:00:00,35985.27,1547.25,0.3751,151.63,437.86
2021-02-03 11:00:00,35969.41,1537.68,0.37522,150.4,431.86
2021-02-03 12:00:00,36178.86,1539.78,0.37632,150.64,431.46
2021-02-03 13:00:00,36537.42,1550.68,0.38055,150.42,435.63
2021-02-03 14:00:00,36548.6,1555.13,0.3794,149.85,433.87
2021-02-03 15:00:00,36850.0,1597.25,0.37703,153.2,440.56
2021-02-03 16:00:00,37146.67,1607.21,0.39485,152.07,445.24
2021-02-03 17:00:00,37176.86,1640.25,0.39501,155.85,448.8
2021-02-03 18:00:00,37114.14,1647.82,0.38993,155.58,447.86
2021-02-03 19:00:00,36788.89,1616.1,0.39316,152.82,441.59
2021-02-03 20:00:00,37039.88,1634.43,0.38644,154.54,443.61
2021-02-03 21:00:00,37256.97,1630.99,0.39367,154.87,444.67
2021-02-03 22:00:00,37276.31,1636.61,0.39645,154.69,445.56
2021-02-03 23:00:00,37618.87,1664.49,0.39721,155.93,446.1
2021-02-04 00:00:00,38063.15,1677.53,0.39081,156.96,451.17
2021-02-04 01:00:00,38147.35,1691.29,0.39295,157.06,452.76
2021-02-04 02:00:00,37896.36,1677.71,0.39095,153.36,445.4
2021-02-04 03:00:00,37498.78,1645.84,0.3834,149.89,435.27
2021-02-04 04:00:00,37678.39,1662.49,0.38723,151.63,438.08
2021-02-04 05:00:00,37578.23,1655.2,0.39038,151.13,438.27
2021-02-04 06:00:00,38076.43,1676.58,0.39096,153.0,440.76
2021-02-04 07:00:00,37843.4,1662.83,0.38718,151.28,436.17
2021-02-04 08:00:00,37338.19,1638.44,0.38895,148.03,431.92
2021-02-04 09:00:00,37509.22,1645.04,0.38854,148.61,427.82
2021-02-04 10:00:00,37611.63,1640.51,0.39123,148.36,427.9
2021-02-04 11:00:00,37321.75,1611.74,0.38852,146.63,425.0
2021-02-04 12:00:00,37618.69,1635.48,0.39018,148.61,427.93
2021-02-04 13:00:00,37587.58,1631.9,0.39487,149.47,428.26
2021-02-04 14:00:00,36795.15,1591.75,0.39125,145.73,419.4
2021-02-04 15:00:00,36564.23,1580.88,0.40481,143.79,417.83
2021-02-04 16:00:00,36929.36,1629.19,0.41291,146.7,423.18
2021-02-04 17:00:00,36884.34,1631.74,0.43944,145.59,422.11
2021-02-04 18:00:00,37141.96,1653.18,0.42253,146.58,423.47
2021-02-04 19:00:00,37467.18,1652.99,0.4307,147.44,424.44
2021-02-04 20:00:00,37613.31,1657.18,0.43854,147.39,425.31
2021-02-04 21:00:00,37643.0,1639.62,0.47191,148.34,428.79
2021-02-04 22:00:00,37240.0,1625.69,0.4479,146.58,424.02
2021-02-04 23:00:00,36936.66,1595.67,0.44545,145.07,420.91
2021-02-05 00:00:00,36993.25,1614.66,0.46059,147.24,424.98
2021-02-05 01:00:00,36632.38,1596.77,0.45039,145.54,424.18
2021-02-05 02:00:00,36958.28,1617.9,0.4465,147.33,427.63
2021-02-05 03:00:00,37366.02,1639.99,0.44515,148.05,429.54
2021-02-05 04:00:00,37266.78,1634.45,0.44417,147.96,427.94
2021-02-05 05:00:00,37065.97,1631.09,0.45387,148.18,427.91
2021-02-05 06:00:00,37375.52,1645.27,0.44596,148.89,430.99
2021-02-05 07:00:00,37653.98,1662.36,0.44456,152.04,435.63
2021-02-05 08:00:00,37705.27,1667.43,0.44668,153.38,435.61
2021-02-05 09:00:00,37251.07,1650.73,0.43165,153.0,431.37
2021-02-05 10:00:00,37395.91,1644.28,0.4289,153.0,434.12
2021-02-05 11:00:00,37691.32,1662.78,0.44102,153.45,437.65
2021-02-05 12:00:00,37850.36,1661.16,0.45246,153.12,435.93
2021-02-05 13:00:00,38272.32,1716.78,0.44563,155.03,439.13
2021-02-05 14:00:00,38095.02,1737.72,0.446,155.48,439.37
2021-02-05 15:00:00,37960.76,1741.99,0.44726,155.42,438.4
2021-02-05 16:00:00,37809.55,1724.47,0.44509,151.24,432.76
2021-02-05 17:00:00,37894.61,1726.97,0.45133,152.67,435.14
2021-02-05 18:00:00,37406.23,1684.19,0.43761,150.1,431.25
2021-02-05 19:00:00,37608.92,1709.91,0.44075,151.43,433.99
2021-02-05 20:00:00,37740.39,1720.52,0.4442,152.28,434.72
2021-02-05 21:00:00,37819.67,1719.01,0.4443,152.84,437.81
2021-02-05 22:00:00,37784.12,1701.72,0.44291,152.41,443.02
2021-02-05 23:00:00,38290.24,1719.19,0.45219,155.05,447.72
2021-02-06 00:00:00,38740.92,1727.46,0.44632,156.19,453.47
2021-02-06 01:00:00,38806.45,1672.96,0.43357,152.08,465.96
2021-02-06 02:00:00,39382.1,1679.52,0.43288,162.9,475.1
2021-02-06 03:00:00,39384.74,1682.19,0.43599,161.73,473.36
2021-02-06 04:00:00,39179.56,1671.97,0.43086,158.41,465.41
2021-02-06 05:00:00,39014.73,1660.91,0.43577,158.53,469.06
2021-02-06 06:00:00,39267.47,1679.02,0.43684,159.61,475.49
2021-02-06 07:00:00,39359.12,1673.32,0.43649,159.36,476.71
2021-02-06 08:00:00,39425.02,1699.99,0.43979,158.74,475.16
2021-02-06 09:00:00,39887.91,1694.46,0.43824,161.51,489.74
2021-02-06 10:00:00,39998.63,1691.82,0.43559,160.75,481.97
2021-02-06 11:00:00,40199.99,1679.67,0.43625,160.64,479.41
2021-02-06 12:00:00,39902.49,1674.68,0.43526,158.47,472.15
2021-02-06 13:00:00,40130.47,1676.36,0.43648,159.5,481.41
2021-02-06 14:00:00,40268.44,1686.53,0.442,160.28,479.37
2021-02-06 15:00:00,40864.73,1673.04,0.44739,161.89,478.51
2021-02-06 16:00:00,40608.76,1694.0,0.44895,160.25,475.58
2021-02-06 17:00:00,40197.01,1704.25,0.44567,158.56,466.84
2021-02-06 18:00:00,40276.41,1707.15,0.44571,158.46,464.19
2021-02-06 19:00:00,40179.42,1707.67,0.44835,158.49,466.4
2021-02-06 20:00:00,40087.4,1693.71,0.44284,156.74,462.42
2021-02-06 21:00:00,40028.19,1708.44,0.44366,158.07,464.15
2021-02-06 22:00:00,39992.77,1701.63,0.45,156.82,461.7
2021-02-06 23:00:00,39186.94,1676.35,0.44307,155.57,457.78
2021-02-07 00:00:00,39564.17,1682.99,0.44432,156.02,459.36
2021-02-07 01:00:00,38627.36,1642.16,0.44316,152.64,448.68
2021-02-07 02:00:00,38747.31,1628.16,0.43905,153.14,450.12
2021-02-07 03:00:00,38841.46,1626.53,0.43891,152.16,448.89
2021-02-07 04:00:00,38312.99,1608.38,0.42657,150.45,445.66
2021-02-07 05:00:00,38511.0,1615.22,0.4297,151.19,445.48
2021-02-07 06:00:00,38531.35,1611.51,0.43373,151.27,447.32
2021-02-07 07:00:00,39030.0,1632.0,0.43414,153.12,455.94
2021-02-07 08:00:00,39496.96,1640.85,0.43796,154.14,457.01
2021-02-07 09:00:00,39513.92,1636.26,0.43565,153.64,455.25
2021-02-07 10:00:00,39331.42,1637.45,0.44088,154.73,458.84
2021-02-07 11:00:00,39046.6,1624.91,0.43913,151.72,455.93
2021-02-07 12:00:00,38820.87,1616.44,0.43933,152.32,456.55
2021-02-07 13:00:00,38629.26,1585.5,0.43934,151.37,457.95
2021-02-07 14:00:00,38214.98,1571.31,0.43138,150.64,451.12
2021-02-07 15:00:00,37921.11,1538.21,0.41214,148.4,439.11
2021-02-07 16:00:00,38185.72,1554.54,0.41302,148.62,441.92
2021-02-07 17:00:00,37870.62,1555.14,0.41173,148.19,439.03
2021-02-07 18:00:00,38239.1,1580.66,0.416,149.37,444.02
2021-02-07 19:00:00,38050.0,1565.44,0.41921,149.57,441.16
2021-02-07 20:00:00,38471.95,1581.71,0.42053,150.8,442.99
2021-02-07 21:00:00,38530.33,1596.76,0.42051,150.47,443.7
2021-02-07 22:00:00,38797.02,1599.53,0.4189,150.8,443.63
2021-02-07 23:00:00,38795.69,1611.62,0.41849,150.76,444.8
2021-02-08 00:00:00,38725.4,1596.45,0.42001,151.17,445.23
2021-02-08 01:00:00,38521.72,1592.14,0.42026,149.89,443.4
2021-02-08 02:00:00,38249.0,1571.41,0.41483,148.3,438.26
2021-02-08 03:00:00,38076.06,1581.46,0.41479,148.29,439.46
2021-02-08 04:00:00,38584.7,1618.7,0.4214,150.39,446.77
2021-02-08 05:00:00,38677.47,1608.11,0.42783,149.84,447.32
2021-02-08 06:00:00,39012.69,1632.45,0.42839,151.24,448.72
2021-02-08 07:00:00,39269.95,1639.59,0.42994,151.9,450.12
2021-02-08 08:00:00,39175.38,1632.84,0.42817,151.63,447.8
2021-02-08 09:00:00,38954.27,1628.28,0.42153,150.38,447.53
2021-02-08 10:00:00,39418.71,1647.61,0.42825,152.43,451.98
2021-02-08 11:00:00,39423.08,1660.48,0.42791,152.87,454.23
2021-02-08 12:00:00,42984.07,1711.04,0.42969,158.64,465.58
2021-02-08 13:00:00,42897.12,1682.49,0.44179,157.93,466.34
2021-02-08 14:00:00,43558.73,1709.41,0.45038,160.75,470.57
2021-02-08 15:00:00,43716.32,1734.79,0.44437,164.08,473.43
2021-02-08 16:00:00,43170.24,1712.58,0.44715,161.64,467.79
2021-02-08 17:00:00,43079.07,1707.0,0.44895,162.07,471.55
2021-02-08 18:00:00,42673.49,1696.0,0.44282,161.36,470.54
2021-02-08 19:00:00,43051.95,1695.96,0.44777,162.4,474.4
2021-02-08 20:00:00,44151.07,1719.97,0.44941,163.52,476.07
2021-02-08 21:00:00,44632.41,1698.2,0.4521,164.21,474.82
2021-02-08 22:00:00,44682.76,1714.58,0.44813,165.49,477.78
2021-02-08 23:00:00,46374.87,1750.15,0.45099,167.28,483.99
2021-02-09 00:00:00,46768.22,1753.07,0.4537,167.51,492.2
2021-02-09 01:00:00,46158.97,1733.33,0.4558,166.06,482.47
2021-02-09 02:00:00,45707.38,1724.27,0.45526,166.08,482.0
2021-02-09 03:00:00,46599.51,1735.04,0.4636,172.25,493.34
2021-02-09 04:00:00,46837.57,1737.49,0.48174,172.14,501.38
2021-02-09 05:00:00,46850.12,1742.63,0.47705,170.4,497.83
2021-02-09 06:00:00,48111.18,1768.6,0.47572,174.06,503.55
2021-02-09 07:00:00,47505.4,1750.82,0.47403,170.23,495.8
2021-02-09 08:00:00,47109.51,1803.0,0.47254,172.65,498.23
2021-02-09 09:00:00,46401.3,1774.03,0.46104,169.23,486.75
2021-02-09 10:00:00,45641.77,1734.45,0.45599,166.24,476.2
2021-02-09 11:00:00,46380.92,1753.4,0.46333,168.1,486.28
2021-02-09 12:00:00,45300.17,1730.53,0.45666,165.36,479.11
2021-02-09 13:00:00,46285.14,1740.28,0.46149,167.1,480.55
2021-02-09 14:00:00,46624.44,1756.53,0.46437,168.46,489.48
2021-02-09 15:00:00,46773.63,1749.0,0.45913,168.37,492.38
2021-02-09 16:00:00,46470.85,1731.73,0.45974,170.79,506.25
2021-02-09 17:00:00,46483.67,1739.87,0.46861,174.12,502.36
2021-02-09 18:00:00,47012.77,1750.44,0.47367,176.43,506.51
2021-02-09 19:00:00,47060.18,1772.56,0.47648,175.42,505.01
2021-02-09 20:00:00,47084.17,1763.38,0.47102,175.33,505.23
2021-02-09 21:00:00,47231.03,1766.15,0.46985,176.77,508.13
2021-02-09 22:00:00,46839.01,1765.11,0.47,175.48,508.69
2021-02-09 23:00:00,46420.42,1769.13,0.47636,181.49,514.42
2021-02-10 00:00:00,46517.64,1786.6,0.47641,179.2,512.01
2021-02-10 01:00:00,46259.97,1803.74,0.48413,189.06,524.17
2021-02-10 02:00:00,46276.51,1808.31,0.48867,189.95,523.46
2021-02-10 03:00:00,46221.07,1809.45,0.4918,188.65,523.41
2021-02-10 04:00:00,46020.4,1787.97,0.48324,186.84,513.91
2021-02-10 05:00:00,46131.99,1799.34,0.486,189.01,518.81
2021-02-10 06:00:00,46510.25,1801.81,0.4877,189.76,519.0
2021-02-10 07:00:00,46563.69,1810.84,0.49845,191.62,522.43
2021-02-10 08:00:00,46668.89,1803.86,0.53417,191.13,522.69
2021-02-10 09:00:00,46550.0,1790.99,0.51888,189.0,517.4
2021-02-10 10:00:00,46630.17,1793.9,0.53339,188.64,529.6
2021-02-10 11:00:00,46586.56,1792.02,0.52781,189.53,525.79
2021-02-10 12:00:00,45652.34,1745.0,0.48501,179.21,492.34
2021-02-10 13:00:00,45626.32,1745.28,0.51062,182.71,495.12
2021-02-10 14:00:00,44954.12,1722.57,0.49466,177.86,483.25
2021-02-10 15:00:00,44353.04,1714.37,0.48739,176.11,477.95
2021-02-10 16:00:00,44746.66,1727.03,0.49309,180.64,484.38
2021-02-10 17:00:00,44963.31,1737.03,0.49692,179.43,486.87
2021-02-10 18:00:00,45088.17,1741.74,0.50081,180.72,489.27
2021-02-10 19:00:00,45190.05,1742.69,0.49683,179.5,490.03
2021-02-10 20:00:00,44555.59,1711.84,0.48362,175.39,481.28
2021-02-10 21:00:00,44999.09,1727.71,0.49961,180.18,491.21
2021-02-10 22:00:00,45199.99,1747.76,0.51324,181.82,497.05
2021-02-10 23:00:00,44807.58,1740.78,0.50429,181.56,494.85
2021-02-11 00:00:00,44250.0,1718.61,0.51729,177.9,495.5
2021-02-11 01:00:00,44180.86,1708.72,0.50642,177.34,496.1
2021-02-11 02:00:00,44582.07,1721.86,0.51156,179.75,502.49
2021-02-11 03:00:00,44582.07,1721.86,0.51156,179.75,502.49
2021-02-11 05:00:00,44641.72,1719.5,0.51389,178.96,504.37
2021-02-11 06:00:00,44559.99,1727.45,0.51186,180.0,507.93
2021-02-11 07:00:00,44700.01,1737.44,0.51586,181.19,507.92
2021-02-11 08:00:00,45017.02,1753.0,0.51151,186.72,513.48
2021-02-11 09:00:00,45500.98,1765.94,0.51305,188.58,513.11
2021-02-11 10:00:00,46279.8,1785.69,0.52007,188.62,519.36
2021-02-11 11:00:00,46061.49,1763.36,0.51195,185.56,520.43
2021-02-11 12:00:00,46516.39,1779.58,0.52125,189.07,530.93
2021-02-11 13:00:00,47555.46,1789.42,0.52581,190.07,528.11
2021-02-11 14:00:00,47864.81,1796.55,0.52953,189.51,531.2
2021-02-11 15:00:00,47960.85,1796.17,0.52636,187.8,529.5
2021-02-11 16:00:00,47590.53,1792.07,0.52422,186.85,528.57
2021-02-11 17:00:00,47366.42,1781.7,0.52116,185.97,524.47
2021-02-11 18:00:00,47653.14,1795.9,0.52796,188.25,530.17
2021-02-11 19:00:00,47754.03,1790.66,0.52883,188.95,528.29
2021-02-11 20:00:00,47027.49,1762.26,0.51859,183.79,520.69
2021-02-11 21:00:00,46884.84,1768.59,0.51617,182.86,520.64
2021-02-11 22:00:00,47712.94,1781.46,0.52435,186.13,528.1
2021-02-11 23:00:00,47969.51,1785.62,0.52806,183.62,530.4
2021-02-12 00:00:00,47990.0,1791.46,0.52309,185.12,532.32
2021-02-12 01:00:00,48477.5,1789.34,0.53005,187.05,546.49
2021-02-12 02:00:00,47935.66,1775.11,0.56391,184.51,535.6
2021-02-12 03:00:00,47587.31,1764.57,0.55881,182.21,528.88
2021-02-12 04:00:00,47271.55,1749.34,0.55009,180.13,520.71
2021-02-12 05:00:00,47257.09,1761.47,0.55688,182.08,527.05
2021-02-12 06:00:00,47380.16,1762.0,0.55749,182.91,527.44
2021-02-12 07:00:00,47318.81,1768.28,0.55543,182.54,526.88
2021-02-12 08:00:00,47117.86,1765.86,0.56676,183.81,529.72
2021-02-12 09:00:00,47337.0,1765.87,0.58925,184.89,538.23
2021-02-12 10:00:00,47381.16,1766.21,0.59184,185.14,536.44
2021-02-12 11:00:00,47562.42,1775.61,0.5807,186.09,542.79
2021-02-12 12:00:00,47669.82,1778.58,0.58491,187.65,546.74
2021-02-12 13:00:00,47871.4,1790.99,0.584,188.83,553.59
2021-02-12 14:00:00,46547.5,1760.46,0.56859,181.01,530.89
2021-02-12 15:00:00,47021.05,1789.03,0.58707,184.07,544.52
2021-02-12 16:00:00,47614.4,1823.83,0.58353,187.97,549.3
2021-02-12 17:00:00,47713.82,1845.79,0.58427,190.01,554.49
2021-02-12 18:00:00,47269.25,1827.0,0.5783,188.56,549.86
2021-02-12 19:00:00,47272.95,1840.36,0.57359,189.9,548.3
2021-02-12 20:00:00,47577.49,1848.68,0.57825,193.53,556.06
2021-02-12 21:00:00,47860.54,1848.6,0.58618,194.73,556.7
2021-02-12 22:00:00,47841.17,1850.92,0.5956,196.6,571.47
2021-02-12 23:00:00,47287.6,1840.26,0.609,196.69,576.43
2021-02-13 00:00:00,47459.54,1856.43,0.61699,202.35,582.67
2021-02-13 01:00:00,47626.98,1852.31,0.61849,204.98,583.84
2021-02-13 02:00:00,47839.77,1861.27,0.64163,202.58,580.8
2021-02-13 03:00:00,47829.22,1863.87,0.6271,206.15,580.49
2021-02-13 04:00:00,47904.7,1858.24,0.63387,209.2,582.09
2021-02-13 05:00:00,47888.0,1849.43,0.62421,206.41,576.0
2021-02-13 06:00:00,47728.26,1841.23,0.61994,204.03,575.61
2021-02-13 07:00:00,46995.72,1806.6,0.5995,199.14,559.85
2021-02-13 08:00:00,47429.93,1827.29,0.61515,203.52,575.39
2021-02-13 09:00:00,47205.53,1828.95,0.60575,202.76,572.01
2021-02-13 10:00:00,46709.17,1796.63,0.57445,196.61,557.3
2021-02-13 11:00:00,46589.2,1782.95,0.57632,196.42,552.82
2021-02-13 12:00:00,46879.81,1795.84,0.58719,200.75,559.63
2021-02-13 13:00:00,46971.43,1806.02,0.60182,205.06,563.99
2021-02-13 14:00:00,46946.9,1807.36,0.59659,206.34,575.54
2021-02-13 15:00:00,47076.01,1816.54,0.6134,214.96,595.91
2021-02-13 16:00:00,47136.89,1809.26,0.61056,213.92,617.02
2021-02-13 17:00:00,46855.24,1793.64,0.607,212.74,636.48
2021-02-13 18:00:00,46792.05,1801.3,0.61606,215.67,631.07
2021-02-13 19:00:00,46870.15,1799.44,0.60991,222.02,654.48
2021-02-13 20:00:00,46934.06,1800.0,0.61627,224.3,660.56
2021-02-13 21:00:00,47130.82,1812.06,0.61614,221.61,639.39
2021-02-13 22:00:00,47058.88,1815.0,0.62878,223.15,640.34
2021-02-13 23:00:00,47153.69,1814.96,0.63309,225.76,668.3
2021-02-14 00:00:00,47594.52,1832.13,0.62734,221.17,691.01
2021-02-14 01:00:00,47471.23,1833.0,0.63,222.51,690.1
2021-02-14 02:00:00,47378.87,1823.99,0.61255,221.99,716.93
2021-02-14 03:00:00,47267.21,1809.03,0.60282,215.37,687.96
2021-02-14 04:00:00,47551.25,1816.91,0.61132,219.3,690.8
2021-02-14 05:00:00,48929.18,1840.21,0.60769,217.59,677.33
2021-02-14 06:00:00,48745.29,1837.01,0.61384,223.15,708.94
2021-02-14 07:00:00,48725.18,1831.7,0.61937,228.82,699.82
2021-02-14 08:00:00,48710.17,1829.36,0.61729,224.64,706.23
2021-02-14 09:00:00,49134.33,1838.84,0.61529,224.55,703.86
2021-02-14 10:00:00,49024.21,1835.84,0.60735,223.01,689.91
2021-02-14 11:00:00,49055.16,1831.88,0.60915,222.21,693.0
2021-02-14 12:00:00,49436.86,1838.17,0.59878,224.8,707.08
2021-02-14 13:00:00,48759.63,1811.46,0.58459,216.61,687.3
2021-02-14 14:00:00,48757.38,1806.99,0.57869,215.17,676.0
2021-02-14 15:00:00,48541.18,1799.05,0.58881,212.5,670.21
2021-02-14 16:00:00,49006.74,1809.99,0.59859,217.45,702.54
2021-02-14 17:00:00,48619.19,1802.6,0.58471,213.0,683.32
2021-02-14 18:00:00,48739.99,1806.89,0.59011,214.65,685.76
2021-02-14 19:00:00,48693.39,1804.55,0.59415,212.71,683.12
2021-02-14 20:00:00,48929.5,1817.4,0.59974,216.0,695.34
2021-02-14 21:00:00,48822.66,1827.06,0.60585,218.27,725.48
2021-02-14 22:00:00,49012.94,1823.82,0.60508,218.59,737.07
2021-02-14 23:00:00,48577.79,1800.42,0.59211,213.49,720.44
2021-02-15 00:00:00,48763.62,1806.49,0.59642,214.03,737.46
2021-02-15 01:00:00,48011.44,1753.35,0.56683,205.15,691.82
2021-02-15 02:00:00,46874.02,1719.47,0.54364,196.48,650.15
2021-02-15 03:00:00,47120.3,1727.64,0.5494,199.13,666.15
2021-02-15 04:00:00,46866.57,1723.68,0.53926,196.97,657.02
2021-02-15 05:00:00,46722.49,1723.38,0.5392,196.83,653.81
2021-02-15 06:00:00,46887.36,1736.75,0.55315,201.02,658.91
2021-02-15 07:00:00,47267.06,1749.67,0.56251,201.97,680.73
2021-02-15 08:00:00,47599.99,1763.26,0.56759,205.17,690.61
2021-02-15 09:00:00,47505.66,1762.67,0.55724,203.19,692.86
2021-02-15 10:00:00,47849.99,1771.89,0.56769,209.28,724.72
2021-02-15 11:00:00,47802.66,1787.48,0.57159,208.27,719.0
2021-02-15 12:00:00,47951.01,1805.14,0.57632,209.88,727.19
2021-02-15 13:00:00,47960.73,1803.01,0.57693,210.53,719.3
2021-02-15 14:00:00,47564.16,1785.2,0.5639,206.45,703.33
2021-02-15 15:00:00,47938.83,1810.28,0.57497,211.6,738.59
2021-02-15 16:00:00,48494.96,1819.83,0.58041,217.36,761.53
2021-02-15 17:00:00,48562.31,1818.42,0.58092,216.96,755.28
2021-02-15 18:00:00,48358.99,1805.69,0.57563,214.89,736.24
2021-02-15 19:00:00,48657.31,1824.71,0.57857,218.9,752.04
2021-02-15 20:00:00,48580.99,1825.67,0.56895,217.09,745.65
2021-02-15 21:00:00,48207.54,1789.23,0.55679,211.16,710.61
2021-02-15 22:00:00,48284.89,1798.67,0.56454,213.58,729.04
2021-02-15 23:00:00,47911.1,1779.25,0.54976,207.83,715.52
2021-02-16 00:00:00,47669.02,1774.66,0.55251,206.76,714.37
2021-02-16 01:00:00,48305.28,1801.49,0.56474,215.09,727.71
2021-02-16 02:00:00,48442.06,1799.29,0.56656,214.57,728.19
2021-02-16 03:00:00,49624.03,1822.0,0.57566,217.57,735.24
2021-02-16 04:00:00,49350.01,1812.98,0.57276,215.16,723.0
2021-02-16 05:00:00,49179.03,1808.85,0.56868,214.2,718.98
2021-02-16 06:00:00,49023.74,1797.09,0.5617,213.57,715.28
2021-02-16 07:00:00,49163.46,1797.57,0.5614,214.67,723.0
2021-02-16 08:00:00,49293.26,1809.02,0.56204,217.27,720.22
2021-02-16 09:00:00,49283.3,1802.16,0.5604,216.53,722.64
2021-02-16 10:00:00,49020.0,1794.68,0.5581,214.54,714.33
2021-02-16 11:00:00,48915.48,1783.13,0.54059,213.27,708.31
2021-02-16 12:00:00,49650.01,1801.18,0.54425,215.7,714.29
2021-02-16 13:00:00,48950.89,1777.53,0.53328,211.74,699.07
2021-02-16 14:00:00,49289.4,1782.89,0.53557,212.64,707.01
2021-02-16 15:00:00,48956.91,1773.22,0.53068,209.93,699.69
2021-02-16 16:00:00,48167.68,1749.26,0.50564,203.23,675.72
2021-02-16 17:00:00,48230.5,1752.07,0.51761,206.58,685.99
2021-02-16 18:00:00,48616.79,1758.19,0.52172,208.0,691.08
2021-02-16 19:00:00,48537.39,1752.08,0.52096,206.64,691.47
2021-02-16 20:00:00,48769.27,1752.14,0.51149,205.51,689.98
2021-02-16 21:00:00,48575.07,1752.62,0.50337,206.16,682.92
2021-02-16 22:00:00,49108.68,1768.49,0.51459,209.48,700.52
2021-02-16 23:00:00,49133.45,1781.99,0.51995,210.26,705.39
2021-02-17 00:00:00,49079.99,1765.18,0.51266,208.25,696.73
2021-02-17 01:00:00,49282.8,1761.25,0.51556,207.98,695.41
2021-02-17 02:00:00,49654.89,1770.17,0.52382,210.77,699.22
2021-02-17 03:00:00,49657.38,1753.61,0.51563,208.91,689.15
2021-02-17 04:00:00,49345.38,1738.77,0.50085,204.46,678.72
2021-02-17 05:00:00,49706.8,1747.48,0.49833,208.45,689.86
2021-02-17 06:00:00,50556.05,1772.76,0.51335,213.12,693.86
2021-02-17 07:00:00,51112.39,1806.21,0.52869,218.88,712.94
2021-02-17 08:00:00,51031.71,1800.24,0.52772,220.52,708.99
2021-02-17 09:00:00,51431.04,1811.63,0.53283,222.06,715.79
2021-02-17 10:00:00,51192.0,1806.15,0.54527,222.82,717.79
2021-02-17 11:00:00,51273.46,1807.6,0.53422,224.24,712.42
2021-02-17 12:00:00,51039.56,1825.19,0.5379,223.7,715.46
2021-02-17 13:00:00,51149.96,1823.8,0.5396,226.15,716.38
2021-02-17 14:00:00,51262.0,1816.99,0.54345,230.57,721.1
2021-02-17 15:00:00,51169.97,1812.0,0.54071,229.72,715.17
2021-02-17 16:00:00,51241.35,1815.46,0.55528,227.96,715.75
2021-02-17 17:00:00,51376.85,1819.26,0.54777,227.32,713.19
2021-02-17 18:00:00,51430.59,1817.82,0.5435,226.61,712.57
2021-02-17 19:00:00,52142.35,1837.76,0.54441,231.07,716.66
2021-02-17 20:00:00,52240.0,1829.47,0.55027,229.8,716.55
2021-02-17 21:00:00,52349.99,1852.99,0.55028,235.84,725.7
2021-02-17 22:00:00,52104.43,1838.07,0.54049,232.58,713.31
2021-02-17 23:00:00,52119.71,1849.88,0.53467,237.49,716.45
2021-02-18 00:00:00,52267.32,1869.53,0.54531,234.2,721.66
2021-02-18 01:00:00,52132.46,1906.17,0.54886,236.87,727.45
2021-02-18 02:00:00,52318.89,1908.0,0.54814,235.11,724.03
2021-02-18 03:00:00,52032.64,1891.99,0.54233,232.35,717.37
2021-02-18 04:00:00,52153.36,1901.09,0.54758,231.43,721.35
2021-02-18 05:00:00,52170.01,1899.53,0.54961,233.9,721.48
2021-02-18 06:00:00,51905.66,1896.3,0.55354,229.6,715.93
2021-02-18 07:00:00,51901.96,1898.85,0.54838,230.02,716.02
2021-02-18 08:00:00,51706.88,1890.16,0.54413,230.2,711.21
2021-02-18 09:00:00,51770.99,1901.12,0.54409,232.88,716.39
2021-02-18 10:00:00,51643.5,1916.01,0.53779,231.59,712.77
2021-02-18 11:00:00,51374.07,1900.41,0.53348,225.16,703.13
2021-02-18 12:00:00,51464.66,1902.01,0.5327,228.1,699.09
2021-02-18 13:00:00,51796.24,1913.53,0.53703,228.61,709.22
2021-02-18 14:00:00,52233.43,1924.02,0.53682,230.59,710.68
2021-02-18 15:00:00,51585.29,1907.91,0.52918,225.14,700.76
2021-02-18 16:00:00,52091.02,1922.37,0.53371,227.13,704.19
2021-02-18 17:00:00,51839.55,1917.3,0.53038,224.7,695.95
2021-02-18 18:00:00,51862.85,1926.17,0.53402,225.22,696.13
2021-02-18 19:00:00,51760.01,1922.55,0.53415,224.3,695.7
2021-02-18 20:00:00,52111.89,1938.2,0.54039,228.26,706.31
2021-02-18 21:00:00,52007.21,1945.13,0.54167,229.08,709.37
2021-02-18 22:00:00,51837.19,1937.99,0.53557,227.17,705.06
2021-02-18 23:00:00,51552.6,1939.61,0.53204,226.59,703.7
2021-02-19 00:00:00,51511.33,1928.42,0.53183,226.65,701.0
2021-02-19 01:00:00,51325.44,1916.92,0.52654,224.32,695.41
2021-02-19 02:00:00,51248.52,1916.52,0.52546,225.42,693.4
2021-02-19 03:00:00,51245.0,1910.21,0.52903,225.05,694.08
2021-02-19 04:00:00,51166.3,1903.26,0.52616,223.87,688.35
2021-02-19 05:00:00,51524.05,1914.98,0.52818,225.75,696.29
2021-02-19 06:00:00,51734.88,1922.91,0.53565,233.34,712.59
2021-02-19 07:00:00,51727.08,1919.1,0.53739,231.99,716.22
2021-02-19 08:00:00,52236.31,1921.5,0.53621,233.03,715.77
2021-02-19 09:00:00,52690.7,1933.1,0.53972,233.88,715.57
2021-02-19 10:00:00,52687.6,1927.39,0.5351,231.09,712.02
2021-02-19 11:00:00,52710.0,1934.38,0.54857,232.9,720.99
2021-02-19 12:00:00,52534.75,1929.89,0.56046,231.16,728.72
2021-02-19 13:00:00,52800.04,1923.57,0.55787,229.43,722.15
2021-02-19 14:00:00,52890.0,1915.72,0.54476,226.76,712.79
2021-02-19 15:00:00,53863.19,1929.91,0.54839,231.59,716.52
2021-02-19 16:00:00,54368.65,1946.33,0.55535,230.91,703.34
2021-02-19 17:00:00,54765.49,1963.83,0.55826,237.06,715.99
2021-02-19 18:00:00,55384.46,1966.94,0.55425,238.84,718.8
2021-02-19 19:00:00,54990.01,1952.88,0.55462,236.08,712.78
2021-02-19 20:00:00,55348.33,1951.69,0.56818,239.22,714.5
2021-02-19 21:00:00,55651.16,1958.67,0.56035,238.07,718.13
2021-02-19 22:00:00,55426.4,1952.0,0.56053,239.12,726.23
2021-02-19 23:00:00,55906.0,1955.0,0.56465,236.5,718.98
2021-02-20 00:00:00,56226.73,1933.46,0.55684,235.0,710.77
2021-02-20 01:00:00,56179.17,1950.43,0.56084,237.34,719.82
2021-02-20 02:00:00,56143.46,1983.35,0.56359,244.49,727.62
2021-02-20 03:00:00,55706.07,2018.93,0.56135,243.2,725.36
2021-02-20 04:00:00,55815.19,2022.2,0.56748,243.37,731.19
2021-02-20 05:00:00,55675.43,2014.45,0.56931,242.41,739.36
2021-02-20 06:00:00,55937.12,2027.89,0.57759,243.46,741.31
2021-02-20 07:00:00,55207.92,1984.73,0.56541,237.25,721.09
2021-02-20 08:00:00,55236.53,1990.98,0.56342,237.56,722.27
2021-02-20 09:00:00,55252.4,2003.3,0.56595,238.58,719.59
2021-02-20 10:00:00,55895.31,2003.78,0.56418,241.35,729.29
2021-02-20 11:00:00,56355.91,1999.58,0.55924,240.93,725.74
2021-02-20 12:00:00,57291.92,2024.21,0.55998,242.9,726.43
2021-02-20 13:00:00,57274.34,2028.82,0.5621,243.0,733.51
2021-02-20 14:00:00,56280.83,1988.99,0.53382,233.71,710.81
2021-02-20 15:00:00,56145.97,1978.79,0.53651,232.85,708.0
2021-02-20 16:00:00,56720.16,2001.93,0.54247,236.47,718.46
2021-02-20 17:00:00,57048.35,1996.58,0.54242,237.15,708.31
2021-02-20 18:00:00,57115.24,1996.22,0.54126,235.27,711.7
2021-02-20 19:00:00,56975.12,1992.56,0.53614,234.6,711.92
2021-02-20 20:00:00,56719.52,1986.28,0.53918,233.19,702.66
2021-02-20 21:00:00,56472.13,1963.79,0.53254,232.08,698.35
2021-02-20 22:00:00,55423.99,1894.23,0.50067,225.57,668.23
2021-02-20 23:00:00,55841.19,1913.0,0.51167,226.65,678.29
2021-02-21 00:00:00,55834.95,1918.06,0.52113,229.33,678.54
2021-02-21 01:00:00,56347.69,1937.31,0.52426,228.94,683.5
2021-02-21 02:00:00,56318.08,1936.79,0.52282,230.37,687.52
2021-02-21 03:00:00,56505.22,1933.71,0.52515,227.3,681.39
2021-02-21 04:00:00,56701.08,1943.89,0.52355,228.03,685.37
2021-02-21 05:00:00,56545.13,1943.72,0.52357,225.18,683.82
2021-02-21 06:00:00,56493.23,1940.65,0.52571,224.36,679.46
2021-02-21 07:00:00,56091.76,1912.69,0.51734,221.15,673.38
2021-02-21 08:00:00,56513.22,1936.95,0.52444,225.9,683.31
2021-02-21 09:00:00,56795.81,1940.08,0.53056,227.96,690.26
2021-02-21 10:00:00,57560.0,1971.19,0.53651,229.85,696.19
2021-02-21 11:00:00,57284.79,1961.62,0.54913,228.51,694.21
2021-02-21 12:00:00,56888.8,1941.93,0.53727,226.26,683.44
2021-02-21 13:00:00,57154.19,1947.92,0.53909,226.23,686.25
2021-02-21 14:00:00,57381.13,1962.42,0.53795,228.34,706.33
2021-02-21 15:00:00,57313.99,1959.9,0.53921,230.05,733.76
2021-02-21 16:00:00,57733.96,1958.3,0.53862,229.34,718.19
2021-02-21 17:00:00,57499.01,1949.99,0.54539,229.82,719.83
2021-02-21 18:00:00,58183.69,1964.02,0.54679,232.13,719.93
2021-02-21 19:00:00,58072.62,1966.13,0.5489,230.87,719.26
2021-02-21 20:00:00,57654.8,1929.68,0.538,226.37,703.33
2021-02-21 21:00:00,57293.53,1918.54,0.53325,226.15,702.06
2021-02-21 22:00:00,57328.47,1928.16,0.54043,226.39,705.33
2021-02-21 23:00:00,57408.57,1933.53,0.54468,227.13,706.28
2021-02-22 00:00:00,56235.15,1887.08,0.5285,221.91,684.17
2021-02-22 01:00:00,56860.04,1913.15,0.53433,224.47,693.7
2021-02-22 02:00:00,56855.12,1904.63,0.53217,225.47,691.76
2021-02-22 03:00:00,55860.12,1870.36,0.52355,218.94,674.86
2021-02-22 04:00:00,55786.36,1864.31,0.52521,218.0,678.69
2021-02-22 05:00:00,55869.15,1868.57,0.64988,218.74,678.81
2021-02-22 06:00:00,55989.36,1872.68,0.58812,221.05,686.93
2021-02-22 07:00:00,56422.92,1886.63,0.59398,222.9,687.72
2021-02-22 08:00:00,55480.8,1855.21,0.57413,217.97,678.09
2021-02-22 09:00:00,54766.39,1820.85,0.55925,213.85,666.91
2021-02-22 10:00:00,54847.72,1816.0,0.5583,212.2,659.7
2021-02-22 11:00:00,54524.94,1802.65,0.58427,208.36,651.61
2021-02-22 12:00:00,53781.12,1781.41,0.57324,208.97,645.56
2021-02-22 13:00:00,52070.47,1727.94,0.56534,201.35,619.08
2021-02-22 14:00:00,53478.83,1756.52,0.56002,204.84,618.14
2021-02-22 15:00:00,53236.69,1733.29,0.55413,199.16,607.25
2021-02-22 16:00:00,53180.05,1729.99,0.57592,202.38,611.83
2021-02-22 17:00:00,52100.0,1682.0,0.5788,196.23,594.78
2021-02-22 18:00:00,53227.23,1717.74,0.61839,200.58,603.0
2021-02-22 19:00:00,53581.69,1746.42,0.58376,202.59,610.93
2021-02-22 20:00:00,53771.34,1766.14,0.57619,204.6,618.15
2021-02-22 21:00:00,54883.16,1799.42,0.57061,209.44,629.71
2021-02-22 22:00:00,54084.97,1775.63,0.57046,205.76,625.21
2021-02-22 23:00:00,54087.67,1777.58,0.56646,208.32,628.98
2021-02-23 00:00:00,53440.66,1760.04,0.55985,203.08,611.58
2021-02-23 01:00:00,52546.18,1713.42,0.54357,198.86,597.77
2021-02-23 02:00:00,51218.63,1668.0,0.52932,194.94,582.82
2021-02-23 03:00:00,51906.36,1679.91,0.54638,195.82,589.9
2021-02-23 04:00:00,50754.5,1634.12,0.53797,192.38,581.0
2021-02-23 05:00:00,49950.0,1619.99,0.5211,188.73,569.52
2021-02-23 06:00:00,49547.02,1578.01,0.51785,186.54,558.83
2021-02-23 07:00:00,49640.33,1586.64,0.5159,189.42,560.34
2021-02-23 08:00:00,46565.18,1445.35,0.41198,166.03,476.22
2021-02-23 09:00:00,48075.45,1500.17,0.44639,176.01,500.0
2021-02-23 10:00:00,47546.01,1480.41,0.4488,172.91,489.45
2021-02-23 11:00:00,46369.29,1453.07,0.43803,168.52,480.94
2021-02-23 12:00:00,48670.21,1529.39,0.4666,176.31,491.47
2021-02-23 13:00:00,48750.0,1551.74,0.47143,177.45,508.82
2021-02-23 14:00:00,46978.18,1519.97,0.4544,170.58,497.47
2021-02-23 15:00:00,48602.03,1573.99,0.46732,177.42,513.82
2021-02-23 16:00:00,47365.61,1550.58,0.4601,173.1,506.26
2021-02-23 17:00:00,47175.27,1519.53,0.47365,168.32,499.31
2021-02-23 18:00:00,46881.49,1496.81,0.4729,167.45,497.03
2021-02-23 19:00:00,45523.0,1447.64,0.45256,162.36,479.05
2021-02-23 20:00:00,47814.5,1524.28,0.46752,169.88,496.43
2021-02-23 21:00:00,47937.33,1535.97,0.46721,173.34,502.3
2021-02-23 22:00:00,48589.69,1568.42,0.46614,175.4,512.39
2021-02-23 23:00:00,48891.0,1577.89,0.47579,177.34,515.84
2021-02-24 00:00:00,48456.58,1568.06,0.47733,175.73,516.94
2021-02-24 01:00:00,50191.6,1606.17,0.49386,183.28,534.66
2021-02-24 02:00:00,50160.42,1617.41,0.492,182.95,539.42
2021-02-24 03:00:00,50874.99,1636.57,0.49601,183.89,544.68
2021-02-24 04:00:00,50617.29,1642.84,0.48915,182.0,541.32
2021-02-24 05:00:00,50247.4,1627.19,0.48761,181.13,537.39
2021-02-24 06:00:00,50109.21,1637.6,0.48326,180.23,536.11
2021-02-24 07:00:00,50090.57,1642.33,0.48666,180.67,539.53
2021-02-24 08:00:00,50634.36,1676.65,0.49392,186.67,548.42
2021-02-24 09:00:00,50847.51,1690.41,0.49052,186.51,547.6
2021-02-24 10:00:00,50075.0,1661.03,0.4813,184.04,538.92
2021-02-24 11:00:00,50360.02,1677.41,0.48863,185.73,543.25
2021-02-24 12:00:00,50739.94,1689.75,0.4878,186.7,546.0
2021-02-24 13:00:00,49481.61,1639.81,0.47458,182.38,533.7
2021-02-24 14:00:00,49404.04,1642.35,0.46798,181.49,527.21
2021-02-24 15:00:00,49819.5,1660.45,0.47362,182.93,533.3
2021-02-24 16:00:00,49308.28,1645.81,0.46912,181.38,528.85
2021-02-24 17:00:00,50041.8,1661.07,0.47312,183.87,535.62
2021-02-24 18:00:00,49570.0,1635.0,0.47051,181.3,527.83
2021-02-24 19:00:00,48959.93,1599.2,0.46113,178.09,517.88
2021-02-24 20:00:00,49101.18,1603.05,0.46405,178.49,518.63
2021-02-24 21:00:00,48707.72,1590.25,0.46217,176.72,516.66
2021-02-24 22:00:00,48811.63,1590.65,0.46519,177.35,518.9
2021-02-24 23:00:00,49676.2,1623.39,0.4686,181.43,526.99
2021-02-25 00:00:00,50507.25,1651.93,0.4767,184.42,537.75
2021-02-25 01:00:00,50504.71,1629.35,0.47385,183.17,536.18
2021-02-25 02:00:00,50650.95,1631.71,0.47319,183.27,535.04
2021-02-25 03:00:00,50206.97,1603.87,0.46972,181.33,528.09
2021-02-25 04:00:00,49627.34,1591.03,0.46397,177.92,520.43
2021-02-25 05:00:00,50388.6,1622.69,0.47359,182.51,533.76
2021-02-25 06:00:00,50453.54,1617.93,0.47075,181.24,530.0
2021-02-25 07:00:00,50395.99,1633.8,0.47304,182.67,532.35
2021-02-25 08:00:00,49700.0,1598.14,0.46426,178.89,523.09
2021-02-25 09:00:00,48977.03,1595.95,0.45689,177.29,518.7
2021-02-25 10:00:00,49551.51,1609.0,0.46514,185.98,530.01
2021-02-25 11:00:00,50294.8,1621.93,0.46847,194.89,543.16
2021-02-25 12:00:00,51487.06,1648.51,0.47618,199.69,548.06
2021-02-25 13:00:00,51347.6,1645.18,0.47347,202.55,546.03
2021-02-25 14:00:00,50830.88,1633.95,0.47007,197.99,539.53
2021-02-25 15:00:00,50849.99,1627.57,0.47101,203.42,546.04
2021-02-25 16:00:00,50630.66,1620.91,0.47287,197.92,540.32
2021-02-25 17:00:00,49550.95,1592.58,0.46368,192.51,526.65
2021-02-25 18:00:00,49544.14,1580.57,0.46239,192.18,524.33
2021-02-25 19:00:00,49443.86,1585.3,0.461,192.31,524.35
2021-02-25 20:00:00,49152.75,1575.31,0.45948,192.67,521.38
2021-02-25 21:00:00,48101.99,1525.88,0.45241,186.17,510.35
2021-02-25 22:00:00,48235.85,1516.61,0.45037,186.66,511.53
2021-02-25 23:00:00,47073.73,1481.75,0.43601,179.36,499.67
2021-02-26 00:00:00,46801.05,1480.44,0.43324,172.37,488.59
2021-02-26 01:00:00,46480.48,1472.85,0.42934,173.59,483.27
2021-02-26 02:00:00,47343.51,1487.69,0.43547,176.1,484.9
2021-02-26 03:00:00,47330.24,1491.25,0.43824,176.51,490.83
2021-02-26 04:00:00,47025.06,1504.39,0.43642,174.31,487.41
2021-02-26 05:00:00,45517.53,1450.2,0.41902,165.44,466.96
2021-02-26 06:00:00,46093.07,1462.64,0.43147,169.59,478.21
2021-02-26 07:00:00,44973.68,1430.39,0.42169,166.75,466.77
2021-02-26 08:00:00,45727.74,1456.14,0.42527,170.01,475.79
2021-02-26 09:00:00,46410.76,1476.42,0.42951,173.31,485.33
2021-02-26 10:00:00,46706.85,1486.93,0.43274,174.22,487.09
2021-02-26 11:00:00,46427.65,1483.74,0.42925,171.36,482.01
2021-02-26 12:00:00,46823.39,1483.73,0.43259,173.04,485.63
2021-02-26 13:00:00,45958.41,1460.02,0.42831,169.66,476.98
2021-02-26 14:00:00,46868.98,1515.56,0.43563,176.5,490.93
2021-02-26 15:00:00,47594.65,1532.48,0.43873,176.37,493.13
2021-02-26 16:00:00,48127.26,1550.14,0.44683,179.18,505.29
2021-02-26 17:00:00,47660.98,1519.81,0.44253,177.38,499.54
2021-02-26 18:00:00,47317.09,1507.76,0.43918,176.44,497.18
2021-02-26 19:00:00,46959.17,1479.5,0.43669,174.45,493.15
2021-02-26 20:00:00,46270.0,1446.05,0.42734,170.31,484.01
2021-02-26 21:00:00,45677.46,1429.75,0.4233,167.57,480.3
2021-02-26 22:00:00,45476.3,1424.41,0.42231,166.68,477.43
2021-02-26 23:00:00,46276.87,1444.59,0.42788,170.25,484.46
2021-02-27 00:00:00,47525.07,1490.25,0.44417,179.37,497.5
2021-02-27 01:00:00,47761.97,1496.22,0.44088,178.78,496.1
2021-02-27 02:00:00,47375.34,1489.57,0.43706,175.7,492.19
